"Date","Open","High","Low","Close","Shares Traded","Turnover (Rs. Cr)"
"01-Mar-2013","     4483.00","     4515.75","     4475.30","     4499.75","      670128620","        11664.78"
"04-Mar-2013","     4491.35","     4491.35","     4450.60","     4470.15","      779974842","         9878.54"
"05-Mar-2013","     4483.65","     4542.50","     4483.65","     4539.00","      662436703","        10312.21"
"06-Mar-2013","     4557.10","     4581.10","     4555.25","     4570.45","      641064898","        10578.72"
"07-Mar-2013","     4560.80","     4608.35","     4560.80","     4601.55","      513784231","         9445.67"
"08-Mar-2013","     4613.00","     4664.35","     4613.00","     4660.65","      572770298","        10642.20"
"11-Mar-2013","     4661.00","     4682.70","     4653.85","     4661.25","      487508823","         9525.35"
"12-Mar-2013","     4662.65","     4669.85","     4622.50","     4636.90","      493675568","         9110.25"
"13-Mar-2013","     4620.40","     4620.40","     4579.45","     4585.00","      495844749","         8683.48"
"14-Mar-2013","     4582.15","     4631.45","     4540.40","     4625.75","      581968423","        11334.56"
"15-Mar-2013","     4629.15","     4655.85","     4594.55","     4598.20","      615887464","        11785.33"
"18-Mar-2013","     4566.95","     4583.20","     4556.00","     4572.65","      416772557","         8185.75"
"19-Mar-2013","     4586.10","     4587.45","     4492.20","     4500.85","      624037871","        12655.94"
"20-Mar-2013","     4497.75","     4500.15","     4438.00","     4446.05","      740546421","        11719.33"
"21-Mar-2013","     4452.65","     4489.30","     4407.45","     4413.50","      661077842","        11591.11"
"22-Mar-2013","     4413.95","     4431.75","     4386.30","     4404.50","      607737983","         9853.27"
"25-Mar-2013","     4436.10","     4453.65","     4382.50","     4390.30","      593864153","         9527.23"
"26-Mar-2013","     4379.00","     4400.55","     4376.85","     4394.60","      488800196","         8272.64"
"28-Mar-2013","     4397.85","     4444.15","     4370.15","     4438.35","      740669186","        13485.04"
"01-Apr-2013","     4449.35","     4471.20","     4441.40","     4465.60","      437234665","         6595.24"
"02-Apr-2013","     4460.90","     4511.20","     4459.35","     4508.80","      515164915","         8259.05"
"03-Apr-2013","     4504.00","     4515.30","     4442.05","     4457.20","      631450536","         9859.53"
"04-Apr-2013","     4433.20","     4433.40","     4373.25","     4378.65","      520184267","         8678.93"
"05-Apr-2013","     4373.60","     4386.50","     4353.35","     4366.65","      497281859","         9061.15"
"08-Apr-2013","     4365.65","     4381.30","     4358.50","     4361.15","      377216908","         6566.47"
"09-Apr-2013","     4379.15","     4404.00","     4319.15","     4323.40","      474927172","         8866.14"
"10-Apr-2013","     4349.10","     4370.45","     4305.00","     4366.45","      522235755","         9106.15"
"11-Apr-2013","     4393.65","     4397.80","     4353.70","     4388.05","      486208423","         9857.51"
"12-Apr-2013","     4343.65","     4362.85","     4335.60","     4352.75","      432386104","        10541.43"
"15-Apr-2013","     4338.55","     4395.70","     4335.65","     4376.05","      469185445","        10950.82"
"16-Apr-2013","     4368.65","     4463.60","     4368.65","     4457.55","      528401499","        10144.58"
"17-Apr-2013","     4471.20","     4496.25","     4449.90","     4461.75","      588553853","        12451.21"
"18-Apr-2013","     4457.70","     4532.65","     4457.70","     4526.80","      519364950","        11087.09"
"22-Apr-2013","     4531.75","     4581.05","     4531.75","     4574.40","      593373532","        10757.00"
"23-Apr-2013","     4581.05","     4581.05","     4540.60","     4572.40","      544324030","         9451.90"
"25-Apr-2013","     4586.15","     4628.25","     4586.15","     4624.30","      678171060","        14980.31"
"26-Apr-2013","     4615.95","     4620.65","     4583.95","     4591.65","      497774791","        10732.18"
"29-Apr-2013","     4595.55","     4628.15","     4593.00","     4620.90","      470178715","         9034.44"
"30-Apr-2013","     4640.05","     4658.35","     4595.20","     4641.75","      551857569","        11563.15"
"02-May-2013","     4630.40","     4706.40","     4630.40","     4695.05","      562600174","        12116.38"
"03-May-2013","     4692.10","     4696.60","     4651.05","     4659.10","      573313452","        11336.71"
"06-May-2013","     4659.55","     4688.30","     4652.25","     4685.60","      467999582","         8541.48"
"07-May-2013","     4694.70","     4741.60","     4694.70","     4737.55","      518889030","        10108.59"
"08-May-2013","     4751.70","     4760.85","     4725.25","     4754.45","      524008420","         9415.12"
"09-May-2013","     4760.00","     4764.00","     4731.10","     4737.70","      495415859","         9505.20"
"10-May-2013","     4735.60","     4774.40","     4735.60","     4769.20","      451334686","         9142.37"
"11-May-2013","     4765.10","     4783.80","     4765.10","     4779.75","       57038822","          836.97"
"13-May-2013","     4773.90","     4776.45","     4684.35","     4689.75","      425934801","         8009.17"
"14-May-2013","     4694.80","     4721.50","     4684.35","     4702.50","      407804938","         8449.30"
"15-May-2013","     4718.55","     4815.05","     4718.55","     4810.95","      617235740","        12256.21"
"16-May-2013","     4799.80","     4844.90","     4799.80","     4830.25","      596788586","        11929.27"
"17-May-2013","     4832.75","     4853.55","     4814.55","     4847.10","      600740997","        10898.96"
"20-May-2013","     4854.95","     4877.65","     4815.00","     4821.95","      517751037","        10155.65"
"21-May-2013","     4819.05","     4833.75","     4780.30","     4788.20","      485135923","         9638.97"
"22-May-2013","     4798.30","     4814.05","     4753.15","     4766.85","      478322366","        10255.58"
"23-May-2013","     4737.30","     4751.60","     4659.85","     4668.20","      620703121","        12940.27"
"24-May-2013","     4695.40","     4699.90","     4644.60","     4685.60","      485605889","        10349.34"
"27-May-2013","     4690.45","     4764.35","     4684.40","     4756.40","      387208816","         8871.24"
"28-May-2013","     4759.00","     4789.25","     4743.95","     4777.05","      440132376","         9517.70"
"29-May-2013","     4781.75","     4783.90","     4745.00","     4766.65","      457012678","         9091.83"
"30-May-2013","     4745.10","     4777.70","     4745.10","     4774.00","      623688138","        13342.16"
"31-May-2013","     4759.20","     4759.20","     4675.80","     4681.45","      634656843","        13305.22"
"03-Jun-2013","     4688.60","     4693.65","     4640.85","     4659.30","      452970666","         9295.83"
"04-Jun-2013","     4662.00","     4695.50","     4645.15","     4652.55","      444446995","         8986.94"
"05-Jun-2013","     4644.35","     4663.25","     4629.95","     4656.50","      442402779","         8029.44"
"06-Jun-2013","     4634.55","     4676.60","     4619.05","     4653.40","      458826906","         8681.32"
"07-Jun-2013","     4640.70","     4687.80","     4615.20","     4621.10","      459633378","         8558.64"
"10-Jun-2013","     4638.75","     4656.70","     4590.55","     4604.40","      479486471","         7854.23"
"11-Jun-2013","     4582.70","     4593.95","     4523.95","     4529.85","      603589439","        10781.76"
"12-Jun-2013","     4516.00","     4526.00","     4487.80","     4502.20","      540303914","        10710.23"
"13-Jun-2013","     4464.05","     4478.05","     4441.75","     4447.40","      504585345","         9602.01"
"14-Jun-2013","     4480.85","     4533.45","     4480.85","     4525.95","      473273514","         9051.66"
"17-Jun-2013","     4533.90","     4560.25","     4498.70","     4557.50","      430098635","         8110.65"
"18-Jun-2013","     4553.05","     4574.40","     4534.45","     4540.70","      470609443","         8354.82"
"19-Jun-2013","     4534.95","     4556.45","     4523.45","     4552.70","      441839326","         8272.44"
"20-Jun-2013","     4504.65","     4504.65","     4424.45","     4429.65","      522559010","        10586.03"
"21-Jun-2013","     4415.25","     4446.80","     4392.15","     4420.15","      606401247","        10951.32"
"24-Jun-2013","     4400.80","     4400.80","     4331.70","     4345.60","      532405519","         9709.74"
"25-Jun-2013","     4356.45","     4389.20","     4317.70","     4350.10","      630184264","        11079.17"
"26-Jun-2013","     4365.50","     4371.85","     4330.10","     4335.50","      509314919","         9406.63"
"27-Jun-2013","     4377.00","     4400.55","     4360.30","     4393.90","      677161821","        13649.64"
"28-Jun-2013","     4441.35","     4516.35","     4441.35","     4510.90","      610394037","        14042.68"
"01-Jul-2013","     4509.35","     4574.55","     4506.50","     4572.05","      550855369","         9764.39"
"02-Jul-2013","     4564.65","     4579.30","     4539.55","     4542.80","      501373283","         9416.40"
"03-Jul-2013","     4511.20","     4511.20","     4467.55","     4473.35","      515732397","         9214.14"
"04-Jul-2013","     4490.55","     4525.80","     4482.80","     4517.70","      609349860","         9830.15"
"05-Jul-2013","     4555.45","     4566.60","     4528.65","     4535.80","      426353502","         7821.32"
"08-Jul-2013","     4511.15","     4515.20","     4470.60","     4501.25","      465418161","         8580.87"
"09-Jul-2013","     4518.90","     4542.00","     4518.90","     4539.95","      467660444","         8706.23"
"10-Jul-2013","     4548.60","     4556.85","     4504.05","     4511.40","      449904083","         8581.54"
"11-Jul-2013","     4562.30","     4600.15","     4562.30","     4586.45","      430049554","         8261.06"
"12-Jul-2013","     4626.05","     4636.70","     4595.35","     4630.95","      416783633","        10001.67"
"15-Jul-2013","     4619.55","     4659.20","     4615.05","     4655.70","      491513328","         8214.17"
"16-Jul-2013","     4586.15","     4604.40","     4573.55","     4596.50","      549743024","         9991.87"
"17-Jul-2013","     4609.10","     4623.55","     4567.45","     4597.70","      641041143","        13312.94"
"18-Jul-2013","     4606.15","     4654.60","     4601.40","     4647.55","      529156560","        11951.54"
"19-Jul-2013","     4661.80","     4662.20","     4627.15","     4632.75","      498270797","        11839.98"
"22-Jul-2013","     4618.65","     4656.55","     4618.65","     4631.10","      393750884","         8401.21"
"23-Jul-2013","     4652.90","     4673.00","     4652.90","     4660.75","      446631853","         9295.43"
"24-Jul-2013","     4629.40","     4635.45","     4570.20","     4588.25","      510324658","        11195.69"
"25-Jul-2013","     4574.15","     4585.45","     4526.25","     4531.80","      688570828","        13891.69"
"26-Jul-2013","     4552.10","     4557.85","     4491.65","     4507.25","      525522677","        11102.38"
"29-Jul-2013","     4496.30","     4500.20","     4456.75","     4459.90","      463944315","         8529.61"
"30-Jul-2013","     4462.50","     4471.95","     4386.65","     4390.35","      536961572","         9785.70"
"31-Jul-2013","     4376.95","     4383.35","     4319.70","     4379.65","      724307725","        14038.11"
"01-Aug-2013","     4402.70","     4428.40","     4322.25","     4354.00","      701539684","        12462.87"
"02-Aug-2013","     4369.35","     4376.80","     4290.15","     4314.95","      666357410","        11072.60"
"05-Aug-2013","     4320.15","     4339.95","     4299.45","     4323.35","      562802292","         9387.66"
"06-Aug-2013","     4305.15","     4305.15","     4199.55","     4214.15","      617918538","        10395.09"
"07-Aug-2013","     4217.80","     4240.50","     4184.85","     4213.85","      677807191","        11997.84"
"08-Aug-2013","     4208.45","     4255.30","     4208.45","     4250.35","      551636280","        10626.66"
"12-Aug-2013","     4279.10","     4311.80","     4249.55","     4293.20","      534679026","        10793.72"
"13-Aug-2013","     4286.75","     4363.70","     4276.10","     4360.65","      585815376","        11037.38"
"14-Aug-2013","     4372.50","     4398.05","     4362.45","     4392.05","      616227453","        10982.87"
"16-Aug-2013","     4365.60","     4368.25","     4217.10","     4224.30","      631317873","        13386.15"
"19-Aug-2013","     4214.55","     4214.55","     4114.85","     4151.95","      565562909","        10727.08"
"20-Aug-2013","     4109.75","     4149.05","     4077.85","     4138.40","      627527414","        11928.09"
"21-Aug-2013","     4202.25","     4209.55","     4048.55","     4069.45","      660888077","        13153.85"
"22-Aug-2013","     4052.95","     4142.70","     4032.15","     4136.10","      651091263","        13293.52"
"23-Aug-2013","     4152.05","     4187.70","     4124.75","     4183.65","      564174054","        11627.54"
"26-Aug-2013","     4203.95","     4228.00","     4179.25","     4194.50","      538070771","         9911.25"
"27-Aug-2013","     4163.30","     4163.30","     4054.70","     4060.70","      623450162","        11750.83"
"28-Aug-2013","     4022.80","     4067.30","     3937.70","     4047.70","      731423032","        15013.17"
"29-Aug-2013","     4068.50","     4141.70","     4062.90","     4132.80","      830816825","        15480.54"
"30-Aug-2013","     4134.70","     4187.35","     4103.35","     4175.85","      724189635","        16328.67"
"02-Sep-2013","     4182.65","     4241.75","     4182.65","     4235.25","      522952550","         9369.34"
"03-Sep-2013","     4253.85","     4256.20","     4082.50","     4092.90","      591754990","        11136.25"
"04-Sep-2013","     4104.10","     4171.00","     4084.70","     4164.50","      544347216","        10868.90"
"05-Sep-2013","     4234.15","     4282.35","     4234.15","     4264.05","      685155442","        14001.52"
"06-Sep-2013","     4281.60","     4323.05","     4248.70","     4319.40","      630434323","        12993.90"
"10-Sep-2013","     4361.05","     4467.20","     4361.05","     4463.55","      644262600","        14662.69"
"11-Sep-2013","     4458.90","     4496.20","     4434.00","     4489.45","      785155221","        13442.12"
"12-Sep-2013","     4503.70","     4504.85","     4423.05","     4445.95","      774429178","        12610.14"
"13-Sep-2013","     4433.10","     4471.00","     4430.60","     4450.45","      617934505","        10690.93"
"16-Sep-2013","     4507.15","     4517.30","     4412.60","     4440.90","      607696184","        11886.26"
"17-Sep-2013","     4429.95","     4448.30","     4414.60","     4444.50","      400306038","         8553.78"
"18-Sep-2013","     4457.55","     4487.55","     4440.90","     4478.35","      418759586","         8475.53"
"19-Sep-2013","     4576.00","     4643.00","     4576.00","     4627.85","      791378981","        17350.40"
"20-Sep-2013","     4622.35","     4636.85","     4503.05","     4560.10","      867544889","        17882.18"
"23-Sep-2013","     4516.30","     4549.15","     4471.55","     4482.00","      508956905","        10640.12"
"24-Sep-2013","     4459.80","     4515.35","     4459.80","     4484.10","      497898648","        10892.09"
"25-Sep-2013","     4490.05","     4497.45","     4432.65","     4477.05","      557068837","        10830.76"
"26-Sep-2013","     4476.75","     4503.25","     4472.05","     4482.30","      605452681","        11953.41"
"27-Sep-2013","     4497.65","     4502.80","     4448.80","     4455.95","      460650998","         9172.43"
"30-Sep-2013","     4433.85","     4434.00","     4381.60","     4392.05","      420953347","         8971.42"
"01-Oct-2013","     4405.00","     4425.75","     4367.15","     4422.90","      448828137","         8639.69"
"03-Oct-2013","     4448.00","     4517.15","     4443.25","     4512.65","      551207897","        11715.97"
"04-Oct-2013","     4499.35","     4543.40","     4499.10","     4516.15","      536091228","        10111.20"
"07-Oct-2013","     4505.90","     4524.95","     4471.20","     4522.80","      430670903","         8782.35"
"08-Oct-2013","     4569.15","     4573.85","     4528.25","     4536.45","      518950128","         9920.09"
"09-Oct-2013","     4512.30","     4596.75","     4505.75","     4592.45","      585281390","        11170.71"
"10-Oct-2013","     4589.80","     4617.00","     4582.85","     4607.50","      499752037","        10013.24"
"11-Oct-2013","     4661.35","     4661.35","     4627.75","     4651.80","      548356069","        11945.92"
"14-Oct-2013","     4651.45","     4675.80","     4649.55","     4665.95","      480822006","         9332.53"
"15-Oct-2013","     4689.90","     4696.75","     4623.35","     4639.50","      585376032","        10541.81"
"17-Oct-2013","     4646.45","     4659.00","     4604.90","     4612.05","      574115740","        11679.72"
"18-Oct-2013","     4628.50","     4713.40","     4628.50","     4706.90","      590432109","        11816.49"
"21-Oct-2013","     4715.55","     4737.00","     4703.15","     4731.00","      630433420","        11467.58"
"22-Oct-2013","     4723.95","     4749.05","     4723.90","     4738.35","      687922994","        10719.74"
"23-Oct-2013","     4746.10","     4752.10","     4680.50","     4723.50","      636990241","        11300.02"
"24-Oct-2013","     4715.35","     4773.80","     4700.55","     4713.00","      633507947","        11294.93"
"25-Oct-2013","     4705.35","     4715.05","     4684.20","     4693.40","      453650743","         9046.72"
"28-Oct-2013","     4699.50","     4710.00","     4652.30","     4656.85","      436033418","         8268.30"
"29-Oct-2013","     4660.40","     4744.95","     4640.05","     4741.10","      576422286","        11850.64"
"30-Oct-2013","     4751.05","     4775.80","     4745.60","     4764.30","      537298099","        11317.48"
"31-Oct-2013","     4755.45","     4811.15","     4755.45","     4804.85","      820077988","        15400.96"
"01-Nov-2013","     4798.40","     4833.95","     4798.40","     4823.00","      818573210","        13636.31"
"03-Nov-2013","     4843.20","     4847.05","     4836.15","     4840.15","      154296117","         1944.47"
"05-Nov-2013","     4815.85","     4836.95","     4790.35","     4808.20","      712156962","        12158.38"
"06-Nov-2013","     4813.10","     4827.50","     4781.05","     4784.65","      598400277","        10273.98"
"07-Nov-2013","     4794.20","     4831.95","     4748.30","     4752.00","      606093919","        11112.09"
"08-Nov-2013","     4741.60","     4754.35","     4710.10","     4725.90","      530591303","        10804.68"
"11-Nov-2013","     4710.00","     4725.80","     4675.55","     4680.35","      511163730","        10367.36"
"12-Nov-2013","     4686.80","     4701.65","     4634.30","     4637.35","      527530071","        10126.55"
"13-Nov-2013","     4623.65","     4654.15","     4605.15","     4614.65","      508270414","        10922.25"
"14-Nov-2013","     4648.30","     4698.20","     4648.30","     4670.10","      466180382","         9725.89"
"18-Nov-2013","     4706.90","     4763.30","     4706.90","     4760.65","      500152067","        10186.30"
"19-Nov-2013","     4764.75","     4779.45","     4754.20","     4771.75","      551533871","        10301.97"
"20-Nov-2013","     4762.45","     4778.05","     4709.50","     4720.05","      599711558","        10325.45"
"21-Nov-2013","     4702.65","     4702.65","     4623.85","     4631.85","      486703435","         9476.15"
"22-Nov-2013","     4653.25","     4668.95","     4617.15","     4632.45","      438104233","         8426.66"
"25-Nov-2013","     4661.35","     4719.95","     4661.35","     4716.00","      428712454","         9263.28"
"26-Nov-2013","     4706.35","     4718.75","     4673.15","     4679.15","      680340969","        14532.39"
"27-Nov-2013","     4683.00","     4690.10","     4659.25","     4679.85","      458159638","         9292.33"
"28-Nov-2013","     4704.55","     4722.70","     4696.50","     4708.80","      720142017","        12046.91"
"29-Nov-2013","     4717.15","     4773.50","     4717.15","     4770.10","      578139547","         9660.14"
"02-Dec-2013","     4770.85","     4812.40","     4770.85","     4804.40","      498158889","         9176.68"
"03-Dec-2013","     4796.20","     4815.95","     4788.70","     4795.90","      519665252","         9426.21"
"04-Dec-2013","     4787.65","     4803.75","     4758.85","     4764.55","      695838009","         9879.35"
"05-Dec-2013","     4836.50","     4857.85","     4809.85","     4815.00","      637327138","        12402.91"
"06-Dec-2013","     4811.90","     4838.05","     4809.25","     4830.80","      534043508","         9928.16"
"09-Dec-2013","     4938.75","     4938.75","     4887.70","     4898.15","      598463367","        12605.24"
"10-Dec-2013","     4893.40","     4894.95","     4855.40","     4873.80","      615540644","        13082.56"
"11-Dec-2013","     4857.70","     4865.85","     4835.65","     4855.60","      482924059","         9582.89"
"12-Dec-2013","     4834.80","     4840.35","     4806.35","     4810.55","      460467755","         8745.41"
"13-Dec-2013","     4785.60","     4791.30","     4752.30","     4756.05","      458384577","         9935.96"
"16-Dec-2013","     4759.05","     4773.55","     4746.25","     4756.00","      437090583","         9428.34"
"17-Dec-2013","     4774.80","     4786.25","     4745.20","     4748.50","      473504130","        10121.29"
"18-Dec-2013","     4743.45","     4817.55","     4743.45","     4809.65","      607175074","        12873.42"
"19-Dec-2013","     4834.70","     4841.75","     4769.80","     4780.60","      760359446","        13608.86"
"20-Dec-2013","     4788.60","     4868.10","     4787.10","     4861.65","      615900300","        11748.38"
"23-Dec-2013","     4857.75","     4901.10","     4857.75","     4878.85","      587790997","         9837.59"
"24-Dec-2013","     4888.15","     4896.60","     4868.80","     4876.10","      538207900","         8917.48"
"26-Dec-2013","     4880.60","     4905.65","     4876.90","     4887.85","      764371429","        11784.36"
"27-Dec-2013","     4900.45","     4922.75","     4900.45","     4914.70","      489196951","         8027.52"
"30-Dec-2013","     4931.30","     4937.25","     4887.65","     4899.95","      436835626","         7894.36"
"31-Dec-2013","     4914.20","     4921.00","     4898.45","     4914.85","      478113332","         7150.31"
"01-Jan-2014","     4928.80","     4932.00","     4915.95","     4921.25","      475576268","         5502.10"
"02-Jan-2014","     4922.50","     4961.45","     4842.55","     4848.95","      785294354","        11279.91"
"03-Jan-2014","     4830.15","     4857.00","     4814.85","     4850.65","      551021592","         9832.82"
"06-Jan-2014","     4858.85","     4858.85","     4829.65","     4845.05","      518164116","         9490.08"
"07-Jan-2014","     4854.65","     4868.25","     4811.45","     4820.25","      639875395","        10716.27"
"08-Jan-2014","     4832.90","     4849.00","     4822.30","     4833.55","      625371696","        11173.42"
"09-Jan-2014","     4839.40","     4844.90","     4806.25","     4820.15","      575010999","        10672.93"
"10-Jan-2014","     4828.40","     4868.45","     4798.05","     4813.95","      583498105","        12312.66"
"13-Jan-2014","     4825.10","     4877.80","     4825.10","     4869.95","      473319730","         9980.97"
"14-Jan-2014","     4861.30","     4875.95","     4844.95","     4850.75","      421986727","         8255.88"
"15-Jan-2014","     4867.15","     4902.20","     4867.15","     4899.70","      507912162","        10683.03"
"16-Jan-2014","     4913.20","     4917.20","     4882.35","     4891.40","      473078584","        10761.88"
"17-Jan-2014","     4883.45","     4896.55","     4832.95","     4841.30","      490382017","        11779.72"
"20-Jan-2014","     4840.30","     4880.00","     4833.00","     4878.25","      438477216","         9234.41"
"21-Jan-2014","     4889.90","     4900.45","     4876.70","     4886.70","      455554646","         9745.19"
"22-Jan-2014","     4884.05","     4911.15","     4872.65","     4903.95","      442713988","         9748.42"
"23-Jan-2014","     4894.25","     4909.95","     4892.55","     4903.50","      427727014","         9697.58"
"24-Jan-2014","     4875.25","     4893.20","     4835.15","     4836.70","      448549342","         9989.51"
"27-Jan-2014","     4780.95","     4780.95","     4722.45","     4725.60","      554711198","        11140.31"
"28-Jan-2014","     4723.25","     4748.30","     4694.00","     4720.60","      557172172","        11941.34"
"29-Jan-2014","     4746.05","     4756.45","     4714.10","     4720.60","      467843905","        10324.69"
"30-Jan-2014","     4680.90","     4680.90","     4645.25","     4675.10","      683730592","        13386.93"
"31-Jan-2014","     4685.30","     4714.65","     4680.35","     4709.15","      531659255","        10263.48"
"03-Feb-2014","     4690.15","     4702.00","     4643.65","     4648.55","      448706307","         9095.19"
"04-Feb-2014","     4609.80","     4662.25","     4596.05","     4652.50","      535569356","        10686.70"
"05-Feb-2014","     4656.35","     4676.25","     4632.90","     4671.85","      480236553","        10210.82"
"06-Feb-2014","     4680.55","     4695.75","     4638.05","     4681.35","      496107496","        10711.84"
"07-Feb-2014","     4711.15","     4713.05","     4679.85","     4701.70","      490834323","         9908.16"
"10-Feb-2014","     4709.45","     4714.00","     4688.45","     4692.55","      428598632","         8324.73"
"11-Feb-2014","     4705.00","     4713.75","     4693.95","     4699.60","      397523690","         8951.50"
"12-Feb-2014","     4717.15","     4730.25","     4706.70","     4711.95","      411284603","         9373.33"
"13-Feb-2014","     4715.45","     4718.55","     4643.55","     4650.00","      430785303","         8585.00"
"14-Feb-2014","     4664.40","     4682.40","     4632.85","     4677.80","      427535836","         9333.54"
"17-Feb-2014","     4685.15","     4695.45","     4672.15","     4690.45","      355124526","         7694.98"
"18-Feb-2014","     4689.65","     4740.80","     4688.70","     4731.50","      395423560","         8438.80"
"19-Feb-2014","     4735.30","     4756.65","     4733.95","     4752.90","      354197867","         7426.43"
"20-Feb-2014","     4733.10","     4739.70","     4713.95","     4716.35","      448856826","         8272.43"
"21-Feb-2014","     4728.15","     4764.90","     4728.15","     4762.75","      412793229","         7706.41"
"24-Feb-2014","     4755.30","     4786.25","     4752.70","     4783.15","      407957990","         7750.25"
"25-Feb-2014","     4797.60","     4808.75","     4780.10","     4793.90","      437175218","         8628.93"
"26-Feb-2014","     4796.90","     4819.40","     4796.90","     4816.40","      563905542","        11547.04"
"28-Feb-2014","     4814.45","     4852.05","     4814.45","     4849.50","      568401781","        14145.44"
"03-Mar-2014","     4842.30","     4857.85","     4809.55","     4816.30","      496592115","         9707.10"
"04-Mar-2014","     4815.20","     4875.20","     4815.20","     4873.20","      531570531","        10608.15"
"05-Mar-2014","     4896.20","     4906.20","     4871.25","     4900.85","      558982948","        11034.20"
"06-Mar-2014","     4913.75","     4961.95","     4913.75","     4959.10","      656377306","        12015.98"
"07-Mar-2014","     4971.05","     5040.95","     4971.05","     5033.85","      914472382","        18424.51"
"10-Mar-2014","     5010.35","     5060.70","     5010.35","     5046.45","      737157568","        15997.28"
"11-Mar-2014","     5048.65","     5069.10","     5016.40","     5026.95","      741470716","        14503.49"
"12-Mar-2014","     5017.05","     5050.15","     5011.60","     5028.70","      562040795","        10831.60"
"13-Mar-2014","     5016.60","     5063.65","     4995.85","     5007.20","      598453298","        13354.45"
"14-Mar-2014","     4977.45","     5019.65","     4962.95","     5011.55","      545213922","        11477.08"
"18-Mar-2014","     5031.60","     5063.80","     5020.80","     5035.40","      563025667","        12098.26"
"19-Mar-2014","     5047.70","     5055.40","     5030.95","     5044.20","      545243292","        12779.69"
"20-Mar-2014","     5032.85","     5045.00","     5008.50","     5014.80","      508813911","        10825.11"
"21-Mar-2014","     5037.55","     5041.70","     5024.45","     5031.05","      587523142","        13864.45"
"22-Mar-2014","     5036.80","     5040.90","     5030.00","     5037.50","       76401652","         1161.02"
"24-Mar-2014","     5049.90","     5095.10","     5049.90","     5091.20","      519220539","        10963.15"
"25-Mar-2014","     5071.05","     5105.35","     5071.05","     5102.75","      562887602","        11737.00"
"26-Mar-2014","     5121.90","     5132.20","     5097.05","     5114.70","      685260863","        12757.78"
"27-Mar-2014","     5121.65","     5165.80","     5117.40","     5146.20","      887309769","        19720.06"
"28-Mar-2014","     5170.50","     5206.65","     5161.10","     5202.15","      703647503","        12986.28"
"31-Mar-2014","     5224.45","     5234.30","     5188.05","     5224.85","      823691758","        14243.59"
"01-Apr-2014","     5244.15","     5244.15","     5199.40","     5232.85","      691765960","        12730.20"
"02-Apr-2014","     5261.70","     5276.10","     5246.25","     5272.40","      790584413","        15175.10"
"03-Apr-2014","     5281.60","     5281.60","     5227.60","     5254.35","      853998766","        15105.59"
"04-Apr-2014","     5257.30","     5257.30","     5229.70","     5234.50","      826038769","        13443.81"
"07-Apr-2014","     5236.30","     5256.60","     5198.50","     5234.20","      797272198","        12797.42"
"09-Apr-2014","     5254.70","     5321.30","     5252.60","     5315.25","      856241502","        15806.94"
"10-Apr-2014","     5322.25","     5345.80","     5308.80","     5328.40","     1042169439","        18641.78"
"11-Apr-2014","     5302.40","     5326.85","     5294.15","     5317.70","      847359106","        14984.19"
"15-Apr-2014","     5330.25","     5334.90","     5267.10","     5278.15","      678141240","        13428.12"
"16-Apr-2014","     5275.00","     5294.70","     5222.85","     5230.35","      708352501","        13491.46"
"17-Apr-2014","     5246.30","     5312.65","     5242.30","     5310.75","      651546530","        13467.29"
"21-Apr-2014","     5321.45","     5352.55","     5321.45","     5347.25","      606036155","        11693.62"
"22-Apr-2014","     5354.30","     5365.80","     5341.00","     5346.60","      683287991","        11796.64"
"23-Apr-2014","     5352.80","     5377.95","     5351.85","     5362.45","      849320479","        16963.64"
"25-Apr-2014","     5372.80","     5373.85","     5320.10","     5328.60","      730347838","        15084.60"
"28-Apr-2014","     5327.55","     5334.50","     5307.55","     5321.50","      676370686","        13210.51"
"29-Apr-2014","     5330.05","     5338.30","     5283.25","     5286.05","      748805490","        13125.29"
"30-Apr-2014","     5294.80","     5334.10","     5221.95","     5255.65","      929192918","        15667.14"
"02-May-2014","     5271.05","     5291.10","     5256.20","     5260.95","      578855116","        10724.31"
"05-May-2014","     5253.75","     5289.60","     5253.75","     5260.30","      556908399","        10622.33"
"06-May-2014","     5275.40","     5294.10","     5262.85","     5273.10","      468444180","         9407.85"
"07-May-2014","     5269.50","     5278.50","     5227.45","     5232.85","      546473188","        12173.01"
"08-May-2014","     5246.30","     5261.75","     5222.40","     5236.60","      501085792","        10432.80"
"09-May-2014","     5232.25","     5382.50","     5231.90","     5375.90","      802908179","        15819.71"
"12-May-2014","     5380.25","     5482.90","     5380.25","     5479.70","      882115104","        16366.64"
"13-May-2014","     5526.80","     5600.10","     5524.45","     5562.55","     1172466722","        21403.86"
"14-May-2014","     5569.25","     5593.50","     5555.45","     5583.60","     1051608382","        18929.96"
"15-May-2014","     5588.90","     5618.35","     5554.45","     5580.30","      917003627","        17222.13"
"16-May-2014","     5689.30","     5888.15","     5610.50","     5656.00","     1654563233","        35339.61"
"19-May-2014","     5711.85","     5766.85","     5682.20","     5762.60","     1707779207","        29252.74"
"20-May-2014","     5804.90","     5824.45","     5762.25","     5790.95","     1666839382","        24248.60"
"21-May-2014","     5799.90","     5809.30","     5748.65","     5792.30","     1436663978","        21203.37"
"22-May-2014","     5828.70","     5872.20","     5813.05","     5841.30","     1609503398","        22761.53"
"23-May-2014","     5872.85","     5931.60","     5870.00","     5923.65","     1511299691","        24333.05"
"26-May-2014","     5976.85","     6035.15","     5804.15","     5883.75","     1794138558","        28260.76"
"27-May-2014","     5888.40","     5888.40","     5796.30","     5844.20","     1128416155","        17421.29"
"28-May-2014","     5853.30","     5870.60","     5835.75","     5861.25","     1101516470","        18170.42"
"29-May-2014","     5855.85","     5860.85","     5788.85","     5796.45","     1107595277","        22799.38"
"30-May-2014","     5813.95","     5831.20","     5789.25","     5802.85","     1185893515","        24901.27"
"02-Jun-2014","     5829.10","     5914.05","     5818.30","     5911.70","      924766778","        16676.57"
"03-Jun-2014","     5926.20","     5963.10","     5906.45","     5956.85","     1144813218","        20526.16"
"04-Jun-2014","     5960.95","     5982.05","     5955.10","     5972.85","     1239021008","        19997.35"
"05-Jun-2014","     5979.20","     6043.00","     5948.05","     6037.65","     1351373894","        23767.56"
"06-Jun-2014","     6078.05","     6134.15","     6067.60","     6129.95","     1410551388","        25436.25"
"09-Jun-2014","     6164.55","     6209.80","     6164.30","     6196.70","     1661153252","        24571.72"
"10-Jun-2014","     6218.30","     6218.30","     6125.20","     6192.30","     1397278819","        21837.56"
"11-Jun-2014","     6207.20","     6234.25","     6123.60","     6152.55","     1338736844","        22961.92"
"12-Jun-2014","     6161.70","     6178.05","     6124.05","     6168.80","      989175179","        17164.11"
"13-Jun-2014","     6184.45","     6191.00","     6040.45","     6057.50","     1114587340","        21337.06"
"16-Jun-2014","     6050.00","     6064.00","     5990.70","     6056.70","      981708400","        17157.43"
"17-Jun-2014","     6051.25","     6142.75","     6044.20","     6139.35","      907343865","        17565.92"
"18-Jun-2014","     6146.25","     6177.70","     6049.20","     6084.85","     1149101557","        19592.79"
"19-Jun-2014","     6103.05","     6127.30","     6040.95","     6064.75","      819797974","        15691.48"
"20-Jun-2014","     6066.45","     6082.75","     6026.90","     6038.60","      877248071","        14548.35"
"23-Jun-2014","     6044.40","     6065.70","     6001.25","     6037.95","      816069082","        13660.85"
"24-Jun-2014","     6054.20","     6124.40","     6054.20","     6113.85","      937533251","        16153.19"
"25-Jun-2014","     6123.05","     6127.25","     6106.65","     6115.15","      806982445","        14227.51"
"26-Jun-2014","     6107.80","     6119.90","     6058.55","     6065.80","      938593485","        18884.31"
"27-Jun-2014","     6083.30","     6105.80","     6055.35","     6082.10","      810695865","        14857.36"
"30-Jun-2014","     6102.40","     6180.85","     6102.40","     6174.20","      818639694","        16094.02"
"01-Jul-2014","     6192.00","     6212.00","     6187.20","     6199.90","      808783092","        15096.89"
"02-Jul-2014","     6240.10","     6282.20","     6240.10","     6276.90","      933160627","        17789.53"
"03-Jul-2014","     6289.90","     6301.70","     6260.10","     6267.20","      876932476","        17229.86"
"04-Jul-2014","     6273.05","     6300.85","     6230.00","     6297.60","      766993073","        14614.16"
"07-Jul-2014","     6319.80","     6329.30","     6300.90","     6322.00","      753882678","        17126.43"
"08-Jul-2014","     6336.45","     6336.45","     6131.55","     6152.30","      945567180","        19653.94"
"09-Jul-2014","     6159.20","     6169.05","     6076.20","     6104.00","      979622198","        18216.05"
"10-Jul-2014","     6105.95","     6233.05","     6008.20","     6105.20","     1403789512","        24675.88"
"11-Jul-2014","     6116.00","     6153.55","     5981.45","     5991.70","     1006595970","        18352.61"
"14-Jul-2014","     5993.65","     6008.55","     5958.90","     5990.70","      688863159","        13108.37"
"15-Jul-2014","     6020.25","     6071.55","     6004.65","     6067.35","      696464709","        13443.21"
"16-Jul-2014","     6096.15","     6157.60","     6080.00","     6147.90","      835056267","        16132.02"
"17-Jul-2014","     6140.55","     6185.95","     6140.55","     6179.45","      760462984","        15010.42"
"18-Jul-2014","     6167.45","     6199.55","     6135.25","     6184.55","      718747757","        14919.86"
"21-Jul-2014","     6213.05","     6234.80","     6193.50","     6200.30","      584930251","        12379.58"
"22-Jul-2014","     6219.55","     6254.45","     6216.40","     6251.35","      662837781","        14149.43"
"23-Jul-2014","     6272.95","     6283.60","     6226.80","     6261.10","      710698294","        14781.87"
"24-Jul-2014","     6263.90","     6283.35","     6242.95","     6278.95","      703213796","        14482.41"
"25-Jul-2014","     6278.75","     6284.30","     6192.60","     6230.45","      819809215","        17368.05"
"28-Jul-2014","     6231.55","     6237.10","     6182.30","     6200.00","      597648919","        12481.59"
"30-Jul-2014","     6196.10","     6237.50","     6168.45","     6232.60","      733707847","        17463.00"
"31-Jul-2014","     6227.40","     6243.55","     6189.55","     6194.45","      963002830","        21548.14"
"01-Aug-2014","     6146.55","     6201.10","     6106.45","     6111.70","      850794773","        17722.75"
"04-Aug-2014","     6138.20","     6183.60","     6136.60","     6175.70","      621406577","        14136.17"
"05-Aug-2014","     6192.30","     6229.55","     6150.25","     6226.45","      741586517","        14898.65"
"06-Aug-2014","     6210.40","     6231.80","     6165.40","     6173.60","      673346782","        14446.05"
"07-Aug-2014","     6160.30","     6195.70","     6141.85","     6153.50","      603608244","        12565.21"
"08-Aug-2014","     6104.05","     6104.05","     6051.35","     6072.65","      619681283","        12854.47"
"11-Aug-2014","     6113.95","     6125.85","     6100.20","     6117.65","      506105454","        11222.61"
"12-Aug-2014","     6158.60","     6190.45","     6139.85","     6186.15","      524620836","        12213.78"
"13-Aug-2014","     6177.70","     6205.25","     6130.85","     6167.20","      855715695","        16124.41"
"14-Aug-2014","     6178.25","     6218.00","     6168.55","     6215.65","      776219943","        13774.51"
"18-Aug-2014","     6208.90","     6298.35","     6208.90","     6294.10","      634418582","        13324.03"
"19-Aug-2014","     6316.20","     6335.05","     6309.10","     6328.80","      706830885","        15552.35"
"20-Aug-2014","     6342.20","     6342.20","     6312.85","     6321.65","      645109377","        13850.42"
"21-Aug-2014","     6324.90","     6366.35","     6313.15","     6339.35","      639992633","        15247.04"
"22-Aug-2014","     6351.85","     6367.80","     6342.20","     6352.35","      600278297","        13805.06"
"25-Aug-2014","     6366.00","     6391.30","     6327.10","     6332.45","      626490594","        13012.20"
"26-Aug-2014","     6311.25","     6340.60","     6289.90","     6328.45","      679460631","        13149.44"
"27-Aug-2014","     6352.10","     6365.50","     6339.25","     6355.15","      603135571","        12789.36"
"28-Aug-2014","     6363.75","     6378.95","     6349.65","     6360.75","      826213553","        18853.81"
"01-Sep-2014","     6388.10","     6441.55","     6388.10","     6438.45","      674009057","        14006.07"
"02-Sep-2014","     6447.80","     6499.80","     6447.80","     6484.35","      720920721","        15221.95"
"03-Sep-2014","     6506.50","     6536.55","     6500.50","     6517.70","      791181845","        17748.11"
"04-Sep-2014","     6515.60","     6515.60","     6465.55","     6501.95","      917124340","        15814.78"
"05-Sep-2014","     6506.60","     6528.40","     6476.15","     6502.30","      935381037","        15719.04"
"08-Sep-2014","     6537.60","     6580.80","     6537.05","     6578.00","      736850346","        15411.23"
"09-Sep-2014","     6574.65","     6584.95","     6553.65","     6577.05","      710895431","        13434.11"
"10-Sep-2014","     6562.45","     6563.15","     6531.85","     6540.25","      777705103","        14298.40"
"11-Sep-2014","     6558.40","     6572.45","     6527.95","     6554.75","      809539824","        15615.26"
"12-Sep-2014","     6559.80","     6579.30","     6548.45","     6572.70","      756107313","        15296.65"
"15-Sep-2014","     6547.25","     6556.45","     6518.05","     6540.10","      772665478","        14009.32"
"16-Sep-2014","     6538.60","     6550.25","     6404.20","     6411.25","      943629294","        16986.06"
"17-Sep-2014","     6445.25","     6457.70","     6401.55","     6442.50","      706496154","        14916.23"
"18-Sep-2014","     6426.80","     6563.95","     6423.75","     6560.00","      812721018","        15935.24"
"19-Sep-2014","     6574.45","     6603.50","     6551.15","     6561.65","      958407756","        20631.99"
"22-Sep-2014","     6532.55","     6586.80","     6521.00","     6576.60","      639927808","        13015.37"
"23-Sep-2014","     6577.70","     6591.50","     6459.05","     6464.80","      737996745","        15774.97"
"24-Sep-2014","     6463.30","     6481.30","     6393.80","     6437.25","      823651102","        15411.77"
"25-Sep-2014","     6438.70","     6448.90","     6319.15","     6343.15","     1154944405","        20927.24"
"26-Sep-2014","     6319.85","     6405.30","     6286.50","     6396.55","      843527782","        15985.83"
"29-Sep-2014","     6403.95","     6435.05","     6383.00","     6408.30","      602194173","        11227.10"
"30-Sep-2014","     6399.05","     6469.50","     6384.80","     6415.70","      746377532","        15497.82"
"01-Oct-2014","     6413.20","     6431.20","     6393.80","     6398.05","      770794395","        11825.44"
"07-Oct-2014","     6369.35","     6404.15","     6318.75","     6324.85","      669176328","        14141.01"
"08-Oct-2014","     6308.70","     6341.80","     6296.00","     6316.65","      611210727","        13490.31"
"09-Oct-2014","     6348.65","     6424.50","     6348.65","     6416.40","      666727686","        13241.82"
"10-Oct-2014","     6377.95","     6386.80","     6323.35","     6330.35","      648267853","        14752.32"
"13-Oct-2014","     6307.70","     6362.30","     6284.55","     6352.40","      584224400","        12360.89"
"14-Oct-2014","     6380.20","     6384.55","     6319.35","     6339.90","      716692595","        14638.49"
"16-Oct-2014","     6317.20","     6359.45","     6208.55","     6225.30","      727917215","        16010.09"
"17-Oct-2014","     6221.90","     6283.50","     6204.00","     6255.15","      664741505","        15900.25"
"20-Oct-2014","     6346.95","     6356.50","     6317.55","     6334.80","      625617167","        14662.76"
"21-Oct-2014","     6355.50","     6384.70","     6340.50","     6378.15","      605555748","        14997.93"
"22-Oct-2014","     6431.40","     6441.70","     6418.55","     6436.55","      558154555","        13081.81"
"23-Oct-2014","     6468.25","     6469.85","     6457.40","     6463.25","      129328879","         2095.44"
"27-Oct-2014","     6498.75","     6498.75","     6434.95","     6438.90","      545877982","        12311.01"
"28-Oct-2014","     6444.00","     6469.30","     6439.65","     6465.15","      505890545","        12746.98"
"29-Oct-2014","     6500.65","     6518.05","     6487.40","     6513.75","      590003547","        14202.27"
"30-Oct-2014","     6510.35","     6575.65","     6510.35","     6570.30","      831606309","        19822.87"
"31-Oct-2014","     6598.05","     6689.55","     6598.05","     6685.75","      870102423","        18704.19"
"03-Nov-2014","     6705.25","     6709.15","     6676.80","     6704.30","      872777060","        15744.64"
"05-Nov-2014","     6726.60","     6742.95","     6707.55","     6713.75","      929519723","        18391.50"
"07-Nov-2014","     6717.45","     6734.10","     6680.10","     6720.95","      799001255","        20297.68"
"10-Nov-2014","     6728.20","     6757.40","     6701.20","     6727.75","      689248513","        15110.55"
"11-Nov-2014","     6739.15","     6761.20","     6714.90","     6753.10","      794967751","        15392.78"
"12-Nov-2014","     6767.80","     6801.95","     6767.80","     6777.60","      724121340","        15625.55"
"13-Nov-2014","     6797.55","     6798.55","     6725.85","     6753.55","      783449417","        15224.19"
"14-Nov-2014","     6758.95","     6792.45","     6749.80","     6785.75","      742753499","        16531.76"
"17-Nov-2014","     6781.55","     6829.30","     6766.80","     6825.75","      728887553","        15342.07"
"18-Nov-2014","     6835.80","     6859.35","     6822.70","     6837.35","      790376124","        16312.43"
"19-Nov-2014","     6850.85","     6860.70","     6777.75","     6797.70","      727484396","        16529.33"
"20-Nov-2014","     6815.15","     6817.55","     6767.60","     6806.30","      629116310","        14062.97"
"21-Nov-2014","     6813.05","     6864.45","     6808.85","     6847.30","      644538292","        15417.03"
"24-Nov-2014","     6863.60","     6890.30","     6858.10","     6880.80","      592761104","        14229.21"
"25-Nov-2014","     6882.85","     6882.85","     6776.30","     6810.45","     1083011634","        22856.42"
"26-Nov-2014","     6799.40","     6843.20","     6792.75","     6825.45","      639644870","        14170.71"
"27-Nov-2014","     6825.95","     6852.00","     6819.85","     6845.30","      854706201","        19070.79"
"28-Nov-2014","     6864.15","     6944.05","     6864.15","     6918.05","      773623720","        19315.93"
"01-Dec-2014","     6931.50","     6943.50","     6894.05","     6898.05","      640052388","        15694.04"
"02-Dec-2014","     6882.75","     6909.45","     6863.25","     6895.70","      667493631","        15259.24"
"03-Dec-2014","     6903.25","     6942.95","     6901.75","     6935.55","      787255903","        17087.25"
"04-Dec-2014","     6968.00","     6995.70","     6928.15","     6960.75","      788026044","        16491.63"
"05-Dec-2014","     6975.75","     6984.10","     6927.35","     6937.55","      764883449","        15327.70"
"08-Dec-2014","     6941.90","     6948.80","     6852.85","     6857.15","      688302921","        21154.73"
"09-Dec-2014","     6855.20","     6864.70","     6761.00","     6767.60","      645395780","        14429.98"
"10-Dec-2014","     6751.60","     6809.85","     6751.60","     6796.25","      603642580","        14194.79"
"11-Dec-2014","     6784.40","     6793.00","     6725.90","     6744.95","      658754457","        15025.32"
"12-Dec-2014","     6756.10","     6774.70","     6675.60","     6680.55","      670321290","        14780.40"
"15-Dec-2014","     6632.40","     6687.80","     6632.40","     6667.55","      571914251","        12768.51"
"16-Dec-2014","     6630.25","     6643.75","     6513.10","     6525.20","      838068760","        16781.94"
"17-Dec-2014","     6501.80","     6535.70","     6410.35","     6492.90","      853399582","        18764.51"
"18-Dec-2014","     6579.10","     6633.45","     6561.80","     6625.60","      669429611","        15320.50"
"19-Dec-2014","     6684.15","     6709.00","     6661.00","     6670.15","      748936914","        16492.41"
"22-Dec-2014","     6690.85","     6748.40","     6676.40","     6744.15","      524567014","        11281.55"
"23-Dec-2014","     6748.35","     6778.80","     6692.55","     6703.00","      556335744","        12310.95"
"24-Dec-2014","     6706.95","     6718.45","     6641.45","     6650.60","      918672720","        20933.95"
"26-Dec-2014","     6672.15","     6696.80","     6635.25","     6674.80","      447217480","         8154.20"
"29-Dec-2014","     6688.75","     6741.45","     6688.75","     6718.60","      489674632","         9418.92"
"30-Dec-2014","     6730.65","     6739.20","     6708.65","     6733.75","      512338633","         9712.79"
"31-Dec-2014","     6730.50","     6779.30","     6730.50","     6773.65","      532187256","        10692.56"
"01-Jan-2015","     6767.60","     6794.25","     6755.00","     6786.10","      440905954","         7133.12"
"02-Jan-2015","     6792.40","     6883.05","     6792.40","     6866.45","      617743719","        12163.31"
"05-Jan-2015","     6877.35","     6913.25","     6848.25","     6857.45","      614330577","        12316.50"
"06-Jan-2015","     6817.65","     6817.65","     6646.40","     6656.80","      716905569","        15639.56"
"07-Jan-2015","     6653.65","     6680.50","     6605.40","     6644.95","      723294637","        15077.63"
"08-Jan-2015","     6715.35","     6758.25","     6708.00","     6755.45","      654891539","        15779.94"
"09-Jan-2015","     6798.45","     6811.30","     6727.35","     6783.00","      656149896","        17326.21"
"12-Jan-2015","     6790.60","     6819.10","     6763.20","     6815.05","      565061352","        12421.73"
"13-Jan-2015","     6835.25","     6846.70","     6777.70","     6801.40","      633102324","        15131.78"
"14-Jan-2015","     6810.20","     6828.90","     6759.55","     6787.15","      617337112","        14764.03"
"15-Jan-2015","     6897.15","     6962.15","     6870.95","     6937.50","      908184374","        19812.02"
"16-Jan-2015","     6945.10","     6970.95","     6913.35","     6961.45","      793395731","        17233.77"
"19-Jan-2015","     6988.30","     7013.30","     6984.45","     6992.15","      753124977","        13719.90"
"20-Jan-2015","     7013.15","     7088.55","     7013.15","     7080.65","      715528499","        15985.18"
"21-Jan-2015","     7100.50","     7117.00","     7071.90","     7099.60","      740149235","        18544.05"
"22-Jan-2015","     7111.65","     7136.10","     7092.95","     7121.85","      828372340","        17142.24"
"23-Jan-2015","     7176.00","     7191.90","     7137.45","     7170.25","      853708400","        19519.47"
"27-Jan-2015","     7197.75","     7236.80","     7169.80","     7229.05","      753389390","        19569.08"
"28-Jan-2015","     7224.75","     7290.45","     7210.65","     7241.55","      836268363","        20684.89"
"29-Jan-2015","     7234.40","     7264.55","     7203.25","     7257.25","      968369702","        23522.36"
"30-Jan-2015","     7293.25","     7293.25","     7140.15","     7166.70","     1151032544","        22907.98"
"02-Feb-2015","     7164.60","     7196.60","     7142.00","     7172.90","      860671249","        19402.58"
"03-Feb-2015","     7196.75","     7203.75","     7124.20","     7137.45","      870521232","        19721.84"
"04-Feb-2015","     7164.80","     7164.80","     7095.30","     7108.75","      921727881","        18341.77"
"05-Feb-2015","     7116.80","     7176.70","     7056.40","     7076.65","      797466152","        17948.37"
"06-Feb-2015","     7070.05","     7087.20","     7019.70","     7029.45","      787820408","        15785.28"
"09-Feb-2015","     6973.35","     6978.65","     6915.45","     6922.35","      707969352","        14045.32"
"10-Feb-2015","     6889.25","     7022.95","     6888.05","     6959.90","      833633496","        18500.44"
"11-Feb-2015","     6990.45","     7040.45","     6990.35","     7031.80","      741572390","        15508.63"
"12-Feb-2015","     7071.15","     7117.20","     7032.20","     7108.20","      881187542","        18085.53"
"13-Feb-2015","     7134.10","     7186.30","     7129.80","     7176.20","      853451640","        19533.58"
"16-Feb-2015","     7200.60","     7227.05","     7162.00","     7175.00","      926158576","        15575.88"
"18-Feb-2015","     7182.20","     7242.45","     7182.20","     7228.55","     1065299979","        19867.42"
"19-Feb-2015","     7245.55","     7258.95","     7168.00","     7242.85","      917135398","        18532.97"
"20-Feb-2015","     7250.75","     7250.75","     7194.90","     7209.40","      873700553","        16009.42"
"23-Feb-2015","     7233.35","     7237.15","     7134.50","     7147.55","      707217272","        14892.67"
"24-Feb-2015","     7162.55","     7171.45","     7123.20","     7146.60","      741277539","        15717.58"
"25-Feb-2015","     7177.45","     7204.75","     7134.25","     7144.20","      670750425","        14673.89"
"26-Feb-2015","     7154.75","     7154.75","     7066.05","     7077.50","      838034434","        20907.71"
"27-Feb-2015","     7111.10","     7217.05","     7111.10","     7210.30","     1114198291","        23844.28"
"28-Feb-2015","     7262.70","     7273.10","     7131.40","     7239.45","     1136488436","        19247.52"
"02-Mar-2015","     7281.85","     7308.00","     7234.95","     7299.65","      955723876","        21828.82"
"03-Mar-2015","     7309.50","     7352.60","     7288.05","     7345.55","      849662756","        19163.59"
"04-Mar-2015","     7426.80","     7428.10","     7260.60","     7279.80","     1094409207","        23859.81"
"05-Mar-2015","     7287.80","     7314.80","     7238.50","     7303.35","      803172306","        17631.39"
"09-Mar-2015","     7267.15","     7267.15","     7162.30","     7171.50","      748536444","        16385.38"
"10-Mar-2015","     7184.40","     7199.00","     7116.75","     7141.70","      677089532","        17050.92"
"11-Mar-2015","     7156.15","     7166.20","     7115.80","     7126.60","      747101793","        16748.85"
"12-Mar-2015","     7158.85","     7209.80","     7158.85","     7202.60","      803300219","        16751.10"
"13-Mar-2015","     7253.75","     7253.75","     7089.20","     7099.90","      801685829","        18182.62"
"16-Mar-2015","     7111.05","     7111.30","     7064.55","     7078.95","      620221902","        15077.73"
"17-Mar-2015","     7122.10","     7166.40","     7087.25","     7154.05","      687747826","        16877.70"
"18-Mar-2015","     7172.65","     7175.10","     7120.65","     7137.05","      756935127","        16104.65"
"19-Mar-2015","     7189.55","     7217.70","     7086.25","     7096.75","      713921214","        16800.35"
"20-Mar-2015","     7096.20","     7096.20","     7016.05","     7028.20","      844259401","        18682.62"
"23-Mar-2015","     7045.80","     7053.10","     6990.15","     6997.60","      615398522","        12306.14"
"24-Mar-2015","     6991.70","     7040.15","     6980.30","     6984.75","      596568493","        14343.52"
"25-Mar-2015","     7005.25","     7006.30","     6963.70","     6972.45","      603834063","        14844.08"
"26-Mar-2015","     6934.20","     6945.65","     6836.15","     6846.25","      836084545","        22240.00"
"27-Mar-2015","     6889.10","     6894.75","     6778.45","     6846.60","      724904818","        16842.93"
"30-Mar-2015","     6889.35","     6976.75","     6889.20","     6969.95","      585320913","        12870.29"
"31-Mar-2015","     7001.70","     7020.80","     6952.35","     6978.15","      726549046","        15817.94"
"01-Apr-2015","     6975.80","     7068.85","     6964.65","     7060.20","      617338059","        13819.26"
"06-Apr-2015","     7087.05","     7131.55","     7059.65","     7126.75","      703091643","        15365.57"
"07-Apr-2015","     7148.85","     7158.10","     7083.65","     7144.40","      797008749","        16182.63"
"08-Apr-2015","     7176.70","     7205.75","     7168.40","     7193.60","      856968268","        18046.87"
"09-Apr-2015","     7229.90","     7237.35","     7171.10","     7234.00","      760077725","        17385.91"
"10-Apr-2015","     7236.00","     7251.45","     7217.45","     7246.05","      730297787","        16017.26"
"13-Apr-2015","     7266.15","     7292.00","     7245.60","     7286.20","      627519792","        14212.19"
"15-Apr-2015","     7299.55","     7299.55","     7205.45","     7224.20","      761813703","        18166.55"
"16-Apr-2015","     7233.85","     7233.85","     7134.50","     7183.35","      644051604","        16465.23"
"17-Apr-2015","     7180.40","     7180.40","     7087.10","     7093.85","      553715711","        15954.19"
"20-Apr-2015","     7104.65","     7104.65","     6933.00","     6958.00","      575261583","        16159.41"
"21-Apr-2015","     6943.50","     6977.10","     6890.10","     6908.00","      830771116","        39766.23"
"22-Apr-2015","     6928.30","     6948.50","     6836.65","     6938.00","      634738684","        17796.30"
"23-Apr-2015","     6978.35","     7002.55","     6899.50","     6922.40","      546383034","        15979.66"
"24-Apr-2015","     6931.55","     6931.55","     6804.20","     6826.55","      607908476","        17623.96"
"27-Apr-2015","     6846.70","     6846.70","     6715.90","     6723.90","      653165206","        17747.66"
"28-Apr-2015","     6720.65","     6808.00","     6698.45","     6794.65","      670114237","        17837.33"
"29-Apr-2015","     6793.70","     6823.10","     6757.90","     6781.70","      593662671","        15440.59"
"30-Apr-2015","     6771.05","     6771.05","     6714.95","     6749.65","      873175925","        23820.60"
"04-May-2015","     6790.80","     6883.20","     6788.55","     6873.40","      575305200","        15215.53"
"05-May-2015","     6880.65","     6900.45","     6847.40","     6878.50","      593347238","        16090.66"
"06-May-2015","     6869.95","     6871.90","     6671.35","     6680.90","      752720178","        19387.72"
"07-May-2015","     6667.50","     6688.75","     6572.70","     6616.85","      702257725","        16350.01"
"08-May-2015","     6676.15","     6752.65","     6676.15","     6728.90","      603127164","        15486.08"
"11-May-2015","     6771.35","     6843.30","     6765.05","     6839.00","      577152172","        15154.28"
"12-May-2015","     6842.60","     6842.60","     6683.15","     6689.40","      613938581","        15392.28"
"13-May-2015","     6733.30","     6793.20","     6677.95","     6780.40","      699598005","        17387.28"
"14-May-2015","     6778.50","     6804.15","     6720.00","     6796.75","      616063833","        14716.89"
"15-May-2015","     6813.10","     6842.15","     6798.75","     6827.05","      632000161","        14076.37"
"18-May-2015","     6845.85","     6916.10","     6839.30","     6910.85","      626581863","        13903.37"
"19-May-2015","     6901.70","     6955.05","     6886.90","     6909.70","      650946468","        14165.75"
"20-May-2015","     6933.80","     6966.25","     6933.60","     6944.40","      536247704","        13239.89"
"21-May-2015","     6956.20","     6958.15","     6909.75","     6938.75","      521044888","        14094.42"
"22-May-2015","     6951.35","     6988.30","     6941.40","     6964.45","      606065340","        15407.01"
"25-May-2015","     6953.25","     6956.80","     6907.10","     6911.15","      530017016","        10996.01"
"26-May-2015","     6919.50","     6921.30","     6876.20","     6890.60","      512564370","        12672.92"
"27-May-2015","     6858.55","     6890.55","     6842.80","     6885.10","      548240135","        15736.72"
"28-May-2015","     6895.35","     6904.90","     6828.10","     6867.75","      746618817","        21207.89"
"29-May-2015","     6878.50","     6963.95","     6864.85","     6959.85","     1041562709","        41518.66"
"01-Jun-2015","     6947.70","     6980.65","     6947.70","     6957.45","      514148338","        13671.50"
"02-Jun-2015","     6966.50","     6966.50","     6793.00","     6799.45","      604800850","        14580.78"
"03-Jun-2015","     6798.40","     6798.40","     6645.85","     6703.45","     1492714910","        16663.75"
"04-Jun-2015","     6719.55","     6720.90","     6646.30","     6704.75","      862125701","        14330.31"
"05-Jun-2015","     6693.25","     6754.40","     6683.20","     6700.70","      637438795","        13293.19"
"08-Jun-2015","     6710.25","     6710.25","     6622.35","     6631.30","      541444000","        11630.15"
"09-Jun-2015","     6617.80","     6640.70","     6597.35","     6612.90","      569008683","        12069.24"
"10-Jun-2015","     6617.75","     6710.70","     6617.75","     6691.25","      589292040","        12189.05"
"11-Jun-2015","     6721.85","     6724.35","     6564.45","     6568.50","      659334403","        13859.32"
"12-Jun-2015","     6562.05","     6584.30","     6543.55","     6577.40","      568246235","        11454.89"
"15-Jun-2015","     6584.70","     6634.20","     6558.60","     6600.65","      521419931","        10549.85"
"16-Jun-2015","     6598.25","     6636.30","     6555.15","     6627.00","      504342956","        11037.04"
"17-Jun-2015","     6657.55","     6711.95","     6639.15","     6680.80","      580640167","        14349.33"
"18-Jun-2015","     6698.65","     6753.90","     6697.70","     6746.85","      566075191","        13818.01"
"19-Jun-2015","     6770.35","     6803.80","     6768.10","     6785.10","      569897405","        14934.63"
"22-Jun-2015","     6813.35","     6896.95","     6813.35","     6889.70","      711611697","        12892.68"
"23-Jun-2015","     6909.30","     6930.15","     6877.50","     6912.45","      625432685","        12721.65"
"24-Jun-2015","     6926.90","     6938.25","     6871.65","     6887.80","      641556300","        14373.88"
"25-Jun-2015","     6871.35","     6930.90","     6870.35","     6917.55","      872271190","        19039.58"
"26-Jun-2015","     6913.25","     6924.15","     6873.10","     6908.85","      747397852","        13158.39"
"29-Jun-2015","     6792.90","     6848.95","     6752.75","     6843.95","      619321701","        12502.69"
"30-Jun-2015","     6844.20","     6900.05","     6843.35","     6897.20","      647930413","        15503.00"
"01-Jul-2015","     6908.60","     6987.70","     6908.60","     6972.30","      632728955","        14246.52"
"02-Jul-2015","     6992.55","     7010.20","     6974.35","     6983.35","      616817144","        13757.11"
"03-Jul-2015","     6984.65","     7028.15","     6984.60","     7003.95","      523087305","        11252.87"
"06-Jul-2015","     6922.90","     7048.35","     6922.90","     7043.40","      612378797","        12514.25"
"07-Jul-2015","     7052.65","     7081.95","     7025.20","     7051.05","      689494844","        14407.78"
"08-Jul-2015","     6993.65","     7020.00","     6919.60","     6939.70","      795745208","        16946.73"
"09-Jul-2015","     6947.70","     6973.50","     6910.20","     6915.35","      620157644","        13234.70"
"10-Jul-2015","     6948.90","     6958.30","     6906.60","     6935.55","      594062809","        14234.00"
"13-Jul-2015","     6964.15","     7021.85","     6940.25","     7016.55","      521409812","        12433.01"
"14-Jul-2015","     7030.65","     7042.40","     7002.00","     7020.25","      621925261","        12783.12"
"15-Jul-2015","     7030.85","     7075.25","     7030.85","     7065.65","      588611257","        12467.63"
"16-Jul-2015","     7086.00","     7142.20","     7086.00","     7136.80","      554228745","        13360.61"
"17-Jul-2015","     7154.25","     7166.95","     7132.60","     7148.05","      576002609","        12926.23"
"20-Jul-2015","     7161.50","     7161.50","     7121.15","     7148.50","      552127302","        11939.07"
"21-Jul-2015","     7151.65","     7167.25","     7060.55","     7070.30","      683923538","        17528.11"
"22-Jul-2015","     7058.60","     7154.35","     7051.25","     7149.45","      586652530","        14201.44"
"23-Jul-2015","     7164.40","     7172.70","     7120.00","     7129.35","      599919973","        16073.55"
"24-Jul-2015","     7131.00","     7131.90","     7068.60","     7074.95","      585624545","        15526.73"
"27-Jul-2015","     7055.70","     7055.70","     6950.80","     6955.35","      579250542","        14678.33"
"28-Jul-2015","     6968.15","     6983.70","     6930.00","     6935.65","      661258322","        16209.63"
"29-Jul-2015","     6960.15","     6977.55","     6944.45","     6974.15","      638809000","        15133.39"
"30-Jul-2015","     7008.75","     7046.15","     7006.55","     7019.60","      976712720","        20071.73"
"31-Jul-2015","     7045.70","     7117.20","     7045.70","     7106.20","      813030812","        19001.54"
"03-Aug-2015","     7099.75","     7146.90","     7099.75","     7129.00","      889632425","        16617.80"
"04-Aug-2015","     7150.20","     7154.05","     7074.75","     7136.30","      836110319","        19457.80"
"05-Aug-2015","     7166.75","     7207.95","     7166.75","     7186.25","      964409732","        17185.91"
"06-Aug-2015","     7203.30","     7214.30","     7174.35","     7202.00","      844121506","        15788.36"
"07-Aug-2015","     7200.20","     7213.00","     7175.00","     7183.85","      724254694","        15202.23"
"10-Aug-2015","     7197.30","     7233.75","     7138.35","     7157.55","      693133942","        14368.09"
"11-Aug-2015","     7179.20","     7179.20","     7079.15","     7101.10","      684858238","        15138.49"
"12-Aug-2015","     7086.75","     7086.75","     6979.60","     6986.45","      765781095","        17391.27"
"13-Aug-2015","     7017.85","     7059.15","     6964.85","     6976.60","      773499683","        16114.09"
"14-Aug-2015","     7015.80","     7120.00","     7001.15","     7112.50","      768383354","        16072.28"
"17-Aug-2015","     7125.50","     7125.50","     7048.45","     7098.70","      674150488","        14402.07"
"18-Aug-2015","     7126.35","     7147.95","     7076.50","     7106.40","      648664371","        15230.07"
"19-Aug-2015","     7108.30","     7148.95","     7079.55","     7125.85","      722603011","        15321.71"
"20-Aug-2015","     7111.85","     7130.30","     7010.70","     7016.95","      865581906","        18669.26"
"21-Aug-2015","     6955.90","     6973.90","     6889.00","     6961.00","      760431657","        17986.85"
"24-Aug-2015","     6753.45","     6753.45","     6468.05","     6493.85","     1147111609","        25631.24"
"25-Aug-2015","     6567.55","     6601.30","     6352.90","     6569.85","     1247793445","        25648.13"
"26-Aug-2015","     6560.15","     6621.30","     6487.00","     6513.35","      814064447","        18429.60"
"27-Aug-2015","     6622.45","     6667.05","     6583.10","     6657.25","     1025402560","        24585.37"
"28-Aug-2015","     6738.80","     6772.75","     6666.65","     6694.45","      749490168","        17250.21"
"31-Aug-2015","     6700.10","     6730.05","     6649.65","     6669.35","      703086874","        20947.23"
"01-Sep-2015","     6617.00","     6642.40","     6490.20","     6522.25","      651253366","        16376.75"
"02-Sep-2015","     6577.65","     6577.65","     6464.50","     6475.65","      657903683","        17049.22"
"03-Sep-2015","     6523.45","     6580.75","     6515.45","     6560.05","      620013894","        13945.62"
"04-Sep-2015","     6548.45","     6548.45","     6392.85","     6421.05","      766197222","        15727.26"
"07-Sep-2015","     6444.80","     6458.60","     6316.70","     6323.40","      541472662","        11290.58"
"08-Sep-2015","     6344.85","     6436.10","     6286.70","     6407.00","      668968141","        14726.85"
"09-Sep-2015","     6501.75","     6545.00","     6480.90","     6522.30","      735251430","        15687.72"
"10-Sep-2015","     6447.40","     6526.00","     6403.95","     6504.50","      606514240","        14337.68"
"11-Sep-2015","     6544.70","     6566.25","     6491.65","     6511.55","      612805585","        12783.86"
"14-Sep-2015","     6536.20","     6586.65","     6504.40","     6582.70","      560619626","        11347.29"
"15-Sep-2015","     6583.65","     6595.30","     6523.85","     6543.25","      516459524","        12233.17"
"16-Sep-2015","     6589.70","     6590.15","     6549.20","     6571.60","      498907681","        12820.23"
"18-Sep-2015","     6628.15","     6694.60","     6626.25","     6636.95","      888527920","        21355.83"
"21-Sep-2015","     6586.80","     6654.50","     6586.15","     6647.15","      744668000","        12918.83"
"22-Sep-2015","     6680.30","     6686.60","     6512.80","     6528.55","      716792790","        15781.84"
"23-Sep-2015","     6468.15","     6576.60","     6457.25","     6553.90","      710694708","        14484.99"
"24-Sep-2015","     6553.50","     6592.55","     6529.40","     6573.90","      799452620","        18319.77"
"28-Sep-2015","     6595.35","     6595.35","     6519.35","     6524.25","      568626897","        13023.68"
"29-Sep-2015","     6465.10","     6605.90","     6434.50","     6552.35","      851254375","        19133.55"
"30-Sep-2015","     6614.00","     6651.65","     6585.90","     6646.10","      704097336","        17972.32"
"01-Oct-2015","     6685.65","     6694.10","     6640.80","     6654.50","      631634015","        15593.29"
"05-Oct-2015","     6700.80","     6794.35","     6700.80","     6789.10","      699518111","        17003.44"
"06-Oct-2015","     6835.95","     6835.95","     6778.85","     6818.65","      788991483","        16777.10"
"07-Oct-2015","     6817.65","     6845.20","     6807.60","     6835.80","      966268889","        15631.80"
"08-Oct-2015","     6850.40","     6850.40","     6776.10","     6793.80","      754274522","        14394.86"
"09-Oct-2015","     6840.10","     6869.70","     6795.70","     6829.40","      767939114","        14637.91"
"12-Oct-2015","     6861.40","     6868.40","     6788.90","     6802.30","      753034659","        13307.00"
"13-Oct-2015","     6794.55","     6809.90","     6762.50","     6797.55","      666807452","        12812.89"
"14-Oct-2015","     6782.50","     6810.45","     6780.70","     6786.05","      681335762","        12810.46"
"15-Oct-2015","     6810.75","     6842.40","     6810.75","     6834.05","      701170659","        14030.47"
"16-Oct-2015","     6850.55","     6874.90","     6813.25","     6870.85","      629101195","        13470.28"
"19-Oct-2015","     6891.05","     6911.50","     6876.00","     6907.70","      626866060","        13197.26"
"20-Oct-2015","     6916.95","     6931.80","     6881.75","     6907.10","      790141696","        15299.73"
"21-Oct-2015","     6908.80","     6931.95","     6867.40","     6895.75","      761599173","        13771.07"
"23-Oct-2015","     6944.10","     6952.00","     6904.85","     6913.05","      636890433","        13954.91"
"26-Oct-2015","     6943.55","     6943.55","     6875.65","     6882.60","      570619454","        12949.35"
"27-Oct-2015","     6863.00","     6874.40","     6855.60","     6870.35","      597903408","        14662.73"
"28-Oct-2015","     6843.55","     6859.60","     6798.15","     6828.15","      682002147","        16887.06"
"29-Oct-2015","     6833.10","     6833.10","     6777.65","     6784.85","      877444823","        20047.76"
"30-Oct-2015","     6796.05","     6815.80","     6733.85","     6750.95","      768712194","        17182.35"
"02-Nov-2015","     6747.40","     6747.65","     6695.40","     6740.90","      650924369","        13016.63"
"03-Nov-2015","     6771.95","     6781.60","     6733.50","     6755.15","      616363626","        13036.79"
"04-Nov-2015","     6790.10","     6796.35","     6733.55","     6741.20","      571326606","        12587.81"
"05-Nov-2015","     6734.80","     6734.80","     6654.10","     6661.70","      586614597","        12426.20"
"06-Nov-2015","     6663.40","     6693.00","     6629.15","     6650.10","      644432802","        14735.74"
"09-Nov-2015","     6516.20","     6657.40","     6500.95","     6641.40","      681210125","        15771.89"
"10-Nov-2015","     6618.00","     6624.70","     6528.95","     6536.45","      653082017","        13199.59"
"11-Nov-2015","     6585.65","     6589.50","     6581.85","     6585.15","      125607446","         2055.53"
"13-Nov-2015","     6540.25","     6540.50","     6500.75","     6526.60","      574148910","        14498.93"
"16-Nov-2015","     6506.60","     6573.50","     6487.45","     6551.45","      621563178","        12830.07"
"17-Nov-2015","     6586.40","     6595.30","     6547.70","     6580.80","      668032405","        13092.10"
"18-Nov-2015","     6574.80","     6591.60","     6502.65","     6507.55","      751900118","        12361.45"
"19-Nov-2015","     6551.35","     6601.90","     6537.60","     6594.55","      580948042","        13010.48"
"20-Nov-2015","     6599.00","     6649.75","     6586.70","     6615.65","      681810101","        14142.99"
"23-Nov-2015","     6630.30","     6639.40","     6599.45","     6615.50","      501807354","        11953.67"
"24-Nov-2015","     6610.15","     6636.25","     6602.00","     6609.10","      641304270","        13192.51"
"26-Nov-2015","     6618.50","     6653.95","     6618.50","     6644.90","      941752342","        19678.68"
"27-Nov-2015","     6667.90","     6696.85","     6646.45","     6686.90","      791865123","        13709.89"
"30-Nov-2015","     6686.55","     6706.85","     6679.45","     6686.10","     1066677028","        26193.21"
"01-Dec-2015","     6707.55","     6721.15","     6694.70","     6712.50","      781949185","        13954.40"
"02-Dec-2015","     6731.35","     6731.35","     6680.60","     6699.80","      668208826","        12971.34"
"03-Dec-2015","     6680.00","     6685.80","     6641.55","     6649.50","      759410415","        13284.65"
"04-Dec-2015","     6612.80","     6618.10","     6581.90","     6584.90","      803088567","        14480.80"
"07-Dec-2015","     6615.25","     6622.50","     6566.00","     6576.85","      605829479","        11855.48"
"08-Dec-2015","     6556.60","     6582.90","     6504.60","     6515.15","      656349942","        11394.10"
"09-Dec-2015","     6510.00","     6511.95","     6420.95","     6425.35","      670013213","        12847.39"
"10-Dec-2015","     6451.70","     6488.45","     6420.85","     6484.25","      683923198","        13088.11"
"11-Dec-2015","     6499.30","     6499.30","     6399.95","     6425.45","      663041827","        13663.41"
"14-Dec-2015","     6389.70","     6467.20","     6386.45","     6457.60","      577239636","        12145.20"
"15-Dec-2015","     6467.10","     6504.30","     6446.85","     6501.75","      504286006","        11486.90"
"16-Dec-2015","     6524.90","     6562.75","     6518.20","     6535.45","      625731553","        12858.76"
"17-Dec-2015","     6565.60","     6626.60","     6538.20","     6621.75","      714784551","        14677.85"
"18-Dec-2015","     6611.35","     6620.85","     6565.55","     6570.80","      706698471","        15427.58"
"21-Dec-2015","     6563.65","     6630.70","     6562.00","     6628.05","      563240660","        10967.46"
"22-Dec-2015","     6629.75","     6644.80","     6590.80","     6595.85","      624254283","        10993.52"
"23-Dec-2015","     6630.30","     6656.45","     6630.30","     6652.75","      529647513","        10042.13"
"24-Dec-2015","     6672.60","     6672.60","     6637.40","     6656.75","      563750645","         9702.75"
"28-Dec-2015","     6663.45","     6707.25","     6663.45","     6700.70","      537406257","        11208.92"
"29-Dec-2015","     6707.65","     6717.25","     6685.45","     6705.25","      619767104","        11478.76"
"30-Dec-2015","     6715.80","     6718.30","     6681.00","     6685.45","      583010604","        10716.23"
"31-Dec-2015","     6690.65","     6727.75","     6687.45","     6724.75","      822731398","        16356.17"
"01-Jan-2016","     6723.10","     6758.55","     6707.45","     6753.65","      560271338","         8608.25"
"04-Jan-2016","     6729.50","     6748.40","     6622.50","     6630.80","      817612445","        13795.28"
"05-Jan-2016","     6659.85","     6664.10","     6614.95","     6639.50","      865892515","        14223.24"
"06-Jan-2016","     6645.05","     6660.30","     6593.05","     6607.65","      813457542","        15173.51"
"07-Jan-2016","     6550.40","     6550.40","     6437.90","     6446.85","      794452677","        15306.88"
"08-Jan-2016","     6483.95","     6512.35","     6466.70","     6490.85","      682275199","        13323.54"
"11-Jan-2016","     6434.00","     6485.05","     6395.65","     6451.85","      731888598","        13663.81"
"12-Jan-2016","     6471.00","     6471.10","     6391.80","     6405.45","      708059370","        13327.51"
"13-Jan-2016","     6445.65","     6467.00","     6294.30","     6415.95","     1031466961","        18408.93"
"14-Jan-2016","     6334.80","     6433.95","     6304.10","     6378.20","      794013691","        15923.41"
"15-Jan-2016","     6400.90","     6403.05","     6257.25","     6262.40","      784242924","        15415.74"
"18-Jan-2016","     6247.20","     6273.20","     6139.70","     6149.15","      867503369","        15912.39"
"19-Jan-2016","     6172.45","     6243.10","     6156.05","     6225.20","      731445205","        13441.95"
"20-Jan-2016","     6163.20","     6163.20","     6055.30","     6115.75","      794264340","        15457.59"
"21-Jan-2016","     6171.20","     6196.30","     6067.30","     6092.05","      805563247","        16170.07"
"22-Jan-2016","     6157.70","     6222.75","     6137.45","     6216.70","      703583091","        13712.78"
"25-Jan-2016","     6259.80","     6275.50","     6226.40","     6234.45","      556604060","        11200.24"
"27-Jan-2016","     6263.25","     6271.70","     6221.50","     6242.40","      619840386","        13211.72"
"28-Jan-2016","     6235.05","     6261.85","     6224.80","     6230.00","      896935955","        18576.10"
"29-Jan-2016","     6228.05","     6346.20","     6228.05","     6339.45","      825584163","        18789.47"
"01-Feb-2016","     6367.35","     6374.55","     6330.80","     6341.60","      624956178","        14846.29"
"02-Feb-2016","     6351.60","     6359.15","     6235.15","     6252.20","      758161202","        15499.26"
"03-Feb-2016","     6198.55","     6209.95","     6159.25","     6166.20","      910126115","        13687.15"
"04-Feb-2016","     6213.25","     6236.85","     6154.05","     6186.25","      752740453","        14638.83"
"05-Feb-2016","     6201.45","     6280.15","     6191.30","     6270.50","      694943902","        15429.88"
"08-Feb-2016","     6277.75","     6302.20","     6195.60","     6209.80","      626019580","        11651.61"
"09-Feb-2016","     6146.00","     6154.80","     6112.10","     6125.60","      626436046","        13331.16"
"10-Feb-2016","     6100.80","     6102.70","     6022.20","     6051.95","      862708388","        15583.56"
"11-Feb-2016","     6042.40","     6042.40","     5831.10","     5843.20","     1023929133","        17022.11"
"12-Feb-2016","     5878.80","     5878.80","     5722.80","     5833.40","     1178283507","        19717.43"
"15-Feb-2016","     5903.80","     6013.55","     5903.80","     5999.05","      864082667","        16363.00"
"16-Feb-2016","     6028.05","     6028.05","     5882.85","     5889.10","      715227188","        13607.73"
"17-Feb-2016","     5897.90","     5940.95","     5801.05","     5930.15","      821484359","        14552.39"
"18-Feb-2016","     5986.85","     6016.80","     5937.45","     5988.80","      683618513","        13927.19"
"19-Feb-2016","     5973.35","     6009.05","     5955.50","     6000.40","      578571470","        10847.21"
"22-Feb-2016","     6007.15","     6034.65","     6000.30","     6024.15","      478882771","        10359.52"
"23-Feb-2016","     6031.60","     6031.60","     5923.75","     5930.90","      590009609","        11852.33"
"24-Feb-2016","     5906.50","     5911.95","     5853.35","     5859.75","      636267945","        11787.29"
"25-Feb-2016","     5871.50","     5871.50","     5810.65","     5816.50","      907653697","        16324.91"
"26-Feb-2016","     5870.55","     5878.90","     5818.50","     5852.90","      603049266","        12378.73"
"29-Feb-2016","     5869.85","     5897.95","     5717.00","     5829.95","     1100649245","        23212.57"
"01-Mar-2016","     5866.65","     6027.45","     5866.65","     6020.05","      779985409","        16490.44"
"02-Mar-2016","     6095.30","     6151.05","     6094.05","     6137.15","      958256553","        19085.02"
"03-Mar-2016","     6183.90","     6223.00","     6162.35","     6218.40","      848639120","        17017.79"
"04-Mar-2016","     6242.60","     6249.85","     6200.45","     6239.35","      887749585","        16264.38"
"08-Mar-2016","     6242.40","     6278.40","     6209.25","     6243.65","      935056200","        16338.66"
"09-Mar-2016","     6208.20","     6279.50","     6193.45","     6275.10","      797983640","        16364.74"
"10-Mar-2016","     6289.10","     6289.10","     6217.55","     6242.95","      704300488","        15532.21"
"11-Mar-2016","     6242.60","     6287.90","     6223.20","     6258.45","      669559348","        14014.23"
"14-Mar-2016","     6287.30","     6317.50","     6263.05","     6282.70","      590028226","        11762.10"
"15-Mar-2016","     6282.70","     6282.70","     6214.70","     6222.65","      613227996","        13198.65"
"16-Mar-2016","     6221.10","     6244.50","     6166.95","     6238.45","      667591195","        12976.66"
"17-Mar-2016","     6287.05","     6307.80","     6233.90","     6255.75","      764712406","        15957.82"
"18-Mar-2016","     6273.00","     6325.90","     6254.95","     6322.65","      780501388","        17343.35"
"21-Mar-2016","     6336.70","     6411.80","     6336.70","     6406.70","      635076842","        14695.32"
"22-Mar-2016","     6406.80","     6426.30","     6363.45","     6418.30","      713581230","        15788.79"
"23-Mar-2016","     6421.20","     6430.00","     6389.50","     6423.70","      636360923","        13916.57"
"28-Mar-2016","     6441.00","     6441.20","     6318.60","     6334.70","      687713888","        15496.20"
"29-Mar-2016","     6329.20","     6359.30","     6302.05","     6323.00","      664417082","        16414.00"
"30-Mar-2016","     6366.05","     6440.80","     6366.05","     6436.70","      766135996","        16578.32"
"31-Mar-2016","     6437.10","     6468.05","     6420.20","     6452.15","     1122075770","        25565.76"
"01-Apr-2016","     6438.40","     6462.60","     6409.80","     6445.50","      818607041","        14441.15"
"04-Apr-2016","     6465.95","     6482.50","     6439.65","     6479.60","      621876670","        12324.29"
"05-Apr-2016","     6462.90","     6462.90","     6350.20","     6358.35","      737066788","        15162.79"
"06-Apr-2016","     6381.95","     6383.25","     6352.10","     6378.00","      666069200","        13368.84"
"07-Apr-2016","     6391.75","     6391.75","     6322.15","     6329.80","      764455853","        13787.47"
"08-Apr-2016","     6327.10","     6351.70","     6316.15","     6346.65","      585704239","        11725.24"
"11-Apr-2016","     6363.55","     6434.75","     6324.60","     6430.60","      638272700","        13694.46"
"12-Apr-2016","     6433.70","     6475.50","     6432.10","     6470.10","      620694120","        14487.18"
"13-Apr-2016","     6524.65","     6587.05","     6524.50","     6575.35","      785581950","        17701.12"
"18-Apr-2016","     6610.90","     6638.60","     6568.90","     6635.05","      687256280","        17541.24"
"20-Apr-2016","     6663.25","     6669.80","     6615.40","     6643.30","      887263461","        18885.16"
"21-Apr-2016","     6675.40","     6694.95","     6615.10","     6634.30","      786437102","        17273.47"
"22-Apr-2016","     6621.85","     6646.10","     6610.05","     6627.95","      664468356","        14171.02"
"25-Apr-2016","     6627.00","     6635.40","     6573.90","     6593.45","      601576100","        13589.81"
"26-Apr-2016","     6577.20","     6676.35","     6570.60","     6669.50","      709713904","        16982.13"
"27-Apr-2016","     6660.45","     6695.25","     6659.90","     6684.30","      734197287","        16376.69"