Date,Open,High,Low,Close
16-September-2005,,,,1000.00,
19-September-2005,,,,1007.62,
20-September-2005,,,,1004.36,
21-September-2005,,,,978.91,
22-September-2005,,,,927.05,
23-September-2005,,,,934.00,
26-September-2005,,,,965.54,
27-September-2005,,,,972.56,
28-September-2005,,,,977.63,
29-September-2005,,,,971.20,
30-September-2005,,,,968.95,
3-October-2005,,,,983.09,
4-October-2005,,,,995.11,
5-October-2005,,,,987.95,
6-October-2005,,,,973.94,
7-October-2005,,,,970.25,
10-October-2005,,,,963.52,
11-October-2005,,,,960.45,
13-October-2005,,,,951.75,
14-October-2005,,,,930.11,
17-October-2005,,,,920.83,
18-October-2005,,,,916.93,
19-October-2005,,,,889.24,
20-October-2005,,,,871.91,
21-October-2005,,,,883.64,
24-October-2005,,,,880.31,
25-October-2005,,,,883.77,
26-October-2005,,,,882.18,
27-October-2005,,,,866.90,
28-October-2005,,,,851.92,
31-October-2005,,,,871.20,
1-November-2005,,,,882.60,
2-November-2005,,,,885.85,
7-November-2005,,,,902.53,
8-November-2005,,,,914.15,
9-November-2005,,,,913.13,
10-November-2005,,,,917.43,
11-November-2005,,,,932.56,
14-November-2005,,,,936.13,
16-November-2005,,,,943.90,
17-November-2005,,,,948.38,
18-November-2005,,,,950.92,
21-November-2005,,,,945.06,
22-November-2005,,,,938.77,
23-November-2005,,,,943.34,
24-November-2005,,,,950.89,
25-November-2005,,,,961.55,
28-November-2005,,,,979.57,
29-November-2005,,,,974.06,
30-November-2005,,,,968.47,
1-December-2005,,,,980.29,
2-December-2005,,,,986.82,
5-December-2005,,,,984.47,
6-December-2005,,,,983.80,
7-December-2005,,,,989.57,
8-December-2005,,,,995.49,
9-December-2005,,,,1005.19,
12-December-2005,,,,1008.10,
13-December-2005,,,,1014.46,
14-December-2005,,,,1014.31,
15-December-2005,,,,1002.44,
16-December-2005,,,,1009.38,
19-December-2005,,,,1019.05,
20-December-2005,,,,1016.36,
21-December-2005,,,,1016.57,
22-December-2005,,,,1018.93,
23-December-2005,,,,1009.71,
26-December-2005,,,,987.10,
27-December-2005,,,,1006.39,
28-December-2005,,,,1006.66,
29-December-2005,,,,1012.90,
30-December-2005,,,,1026.28,
2-January-2006,,,,1035.57,
3-January-2006,,,,1051.60,
4-January-2006,,,,1057.56,
5-January-2006,,,,1062.51,
6-January-2006,,,,1069.35,
9-January-2006,,,,1078.28,
10-January-2006,,,,1069.47,
12-January-2006,,,,1067.37,
13-January-2006,,,,1069.97,
16-January-2006,,,,1064.43,
17-January-2006,,,,1053.09,
18-January-2006,,,,1047.37,
19-January-2006,,,,1067.81,
20-January-2006,,,,1079.99,
23-January-2006,,,,1081.04,
24-January-2006,,,,1085.37,
25-January-2006,,,,1086.83,
27-January-2006,,,,1102.23,
30-January-2006,,,,1090.47,
31-January-2006,,,,1090.54,
1-February-2006,,,,1078.75,
2-February-2006,,,,1077.07,
3-February-2006,,,,1078.28,
6-February-2006,,,,1090.91,
7-February-2006,,,,1100.28,
8-February-2006,,,,1099.04,
10-February-2006,,,,1109.96,
13-February-2006,,,,1120.38,
14-February-2006,,,,1115.64,
15-February-2006,,,,1113.25,
16-February-2006,,,,1117.69,
17-February-2006,,,,1100.07,
20-February-2006,,,,1090.26,
21-February-2006,,,,1097.75,
22-February-2006,,,,1096.22,
23-February-2006,,,,1091.23,
24-February-2006,,,,1097.62,
27-February-2006,,,,1104.62,
28-February-2006,,,,1106.13,
1-March-2006,,,,1125.30,
2-March-2006,,,,1132.59,
3-March-2006,,,,1138.83,
6-March-2006,,,,1151.10,
7-March-2006,,,,1161.20,
8-March-2006,,,,1145.08,
9-March-2006,,,,1150.90,
10-March-2006,,,,1165.61,
13-March-2006,,,,1170.58,
14-March-2006,,,,1165.49,
16-March-2006,,,,1170.74,
17-March-2006,,,,1166.15,
20-March-2006,,,,1172.95,
21-March-2006,,,,1170.18,
22-March-2006,,,,1162.64,
23-March-2006,,,,1164.05,
24-March-2006,,,,1173.40,
27-March-2006,,,,1183.79,
28-March-2006,,,,1175.82,
29-March-2006,,,,1185.75,
30-March-2006,,,,1192.77,
31-March-2006,,,,1213.47,
3-April-2006,,,,1243.56,
4-April-2006,,,,1250.95,
5-April-2006,,,,1271.24,
7-April-2006,,,,1252.82,
10-April-2006,,,,1262.94,
12-April-2006,,,,1240.44,
13-April-2006,,,,1212.22,
17-April-2006,,,,1234.80,
18-April-2006,,,,1252.26,
19-April-2006,,,,1256.47,
20-April-2006,,,,1265.90,
21-April-2006,,,,1266.32,
24-April-2006,,,,1275.46,
25-April-2006,,,,1257.74,
26-April-2006,,,,1275.35,
27-April-2006,,,,1277.17,
28-April-2006,,,,1276.69,
2-May-2006,,,,1326.27,
3-May-2006,,,,1333.55,
4-May-2006,,,,1335.77,
5-May-2006,,,,1337.70,
8-May-2006,,,,1344.49,
9-May-2006,,,,1349.70,
10-May-2006,,,,1361.66,
11-May-2006,,,,1350.80,
12-May-2006,,,,1338.68,
15-May-2006,,,,1289.37,
16-May-2006,,,,1277.16,
17-May-2006,,,,1319.04,
18-May-2006,,,,1230.54,
19-May-2006,,,,1176.33,
22-May-2006,,,,1101.02,
23-May-2006,,,,1140.04,
24-May-2006,,,,1132.50,
25-May-2006,,,,1125.26,
26-May-2006,,,,1152.56,
29-May-2006,,,,1164.28,
30-May-2006,,,,1159.17,
31-May-2006,,,,1126.66,
1-June-2006,,,,1092.64,
2-June-2006,,,,1090.55,
5-June-2006,,,,1070.56,
6-June-2006,,,,1035.51,
7-June-2006,,,,974.99,
8-June-2006,,,,897.03,
9-June-2006,,,,951.92,
12-June-2006,,,,933.37,
13-June-2006,,,,879.81,
14-June-2006,,,,852.18,
15-June-2006,,,,900.23,
16-June-2006,,,,938.67,
19-June-2006,,,,957.01,
20-June-2006,,,,958.05,
21-June-2006,,,,985.41,
22-June-2006,,,,1006.50,
23-June-2006,,,,1009.63,
26-June-2006,,,,977.62,
27-June-2006,,,,972.01,
28-June-2006,,,,967.30,
29-June-2006,,,,972.00,
30-June-2006,,,,1004.87,
3-July-2006,,,,1007.66,
4-July-2006,,,,1006.13,
5-July-2006,,,,1016.66,
6-July-2006,,,,1013.08,
7-July-2006,,,,993.62,
10-July-2006,,,,998.54,
11-July-2006,,,,999.63,
12-July-2006,,,,1005.54,
13-July-2006,,,,1004.84,
14-July-2006,,,,995.34,
17-July-2006,,,,969.24,
18-July-2006,,,,952.88,
19-July-2006,,,,923.67,
20-July-2006,,,,941.81,
21-July-2006,,,,921.60,
24-July-2006,,,,920.57,
25-July-2006,,,,940.96,
26-July-2006,,,,960.25,
27-July-2006,,,,972.77,
28-July-2006,,,,983.11,
31-July-2006,,,,991.14,
1-August-2006,,,,987.36,
2-August-2006,,,,1001.41,
3-August-2006,,,,1006.25,
4-August-2006,,,,1001.20,
7-August-2006,,,,1002.30,
8-August-2006,,,,1016.44,
9-August-2006,,,,1034.47,
10-August-2006,,,,1050.58,
11-August-2006,,,,1066.28,
14-August-2006,,,,1083.19,
16-August-2006,,,,1097.55,
17-August-2006,,,,1091.41,
18-August-2006,,,,1097.00,
21-August-2006,,,,1105.21,
22-August-2006,,,,1104.03,
23-August-2006,,,,1089.66,
24-August-2006,,,,1094.43,
25-August-2006,,,,1105.14,
28-August-2006,,,,1110.48,
29-August-2006,,,,1110.16,
30-August-2006,,,,1108.45,
31-August-2006,,,,1097.94,
1-September-2006,,,,1109.55,
4-September-2006,,,,1127.01,
5-September-2006,,,,1133.31,
6-September-2006,,,,1139.25,
7-September-2006,,,,1136.69,
8-September-2006,,,,1148.51,
11-September-2006,,,,1112.39,
12-September-2006,,,,1122.45,
13-September-2006,,,,1143.33,
14-September-2006,,,,1150.36,
15-September-2006,,,,1152.45,
18-September-2006,,,,1159.07,
19-September-2006,,,,1145.79,
20-September-2006,,,,1151.75,
21-September-2006,,,,1162.75,
22-September-2006,,,,1157.66,
25-September-2006,,,,1153.96,
26-September-2006,,,,1159.79,
27-September-2006,,,,1169.89,
28-September-2006,,,,1177.81,
29-September-2006,,,,1192.31,
3-October-2006,,,,1194.87,
4-October-2006,,,,1187.71,
5-October-2006,,,,1209.21,
6-October-2006,,,,1214.34,
9-October-2006,,,,1218.97,
10-October-2006,,,,1220.25,
11-October-2006,,,,1203.18,
12-October-2006,,,,1215.70,
13-October-2006,,,,1220.06,
16-October-2006,,,,1221.09,
17-October-2006,,,,1215.93,
18-October-2006,,,,1219.24,
19-October-2006,,,,1213.13,
20-October-2006,,,,1220.77,
23-October-2006,,,,1225.86,
26-October-2006,,,,1234.69,
27-October-2006,,,,1245.80,
30-October-2006,,,,1250.39,
31-October-2006,,,,1248.24,
1-November-2006,,,,1255.02,
2-November-2006,,,,1263.42,
3-November-2006,,,,1266.99,
6-November-2006,,,,1279.70,
7-November-2006,,,,1283.54,
8-November-2006,,,,1269.35,
9-November-2006,,,,1278.50,
10-November-2006,,,,1287.77,
13-November-2006,,,,1302.60,
14-November-2006,,,,1298.33,
15-November-2006,,,,1301.51,
16-November-2006,,,,1299.18,
17-November-2006,,,,1274.55,
20-November-2006,,,,1263.31,
21-November-2006,,,,1287.60,
22-November-2006,,,,1301.49,
23-November-2006,,,,1308.11,
24-November-2006,,,,1315.32,
27-November-2006,,,,1322.49,
28-November-2006,,,,1309.98,
29-November-2006,,,,1319.87,
30-November-2006,,,,1317.65,
1-December-2006,,,,1333.65,
4-December-2006,,,,1341.76,
5-December-2006,,,,1343.98,
6-December-2006,,,,1331.33,
7-December-2006,,,,1334.07,
8-December-2006,,,,1328.28,
11-December-2006,,,,1291.75,
12-December-2006,,,,1237.06,
13-December-2006,,,,1265.73,
14-December-2006,,,,1301.17,
15-December-2006,,,,1312.21,
18-December-2006,,,,1312.05,
19-December-2006,,,,1293.83,
20-December-2006,,,,1287.37,
21-December-2006,,,,1292.12,
22-December-2006,,,,1303.87,
26-December-2006,,,,1320.75,
27-December-2006,,,,1330.64,
28-December-2006,,,,1333.89,
29-December-2006,,,,1343.23,
1-January-2007,,,,1343.23,
2-January-2007,,,,1359.91,
3-January-2007,,,,1373.18,
4-January-2007,,,,1377.54,
5-January-2007,,,,1375.29,
8-January-2007,,,,1365.37,
9-January-2007,,,,1356.57,
10-January-2007,,,,1341.15,
11-January-2007,,,,1361.52,
12-January-2007,,,,1382.08,
15-January-2007,,,,1398.29,
16-January-2007,,,,1403.04,
17-January-2007,,,,1414.90,
18-January-2007,,,,1414.26,
19-January-2007,,,,1404.94,
22-January-2007,,,,1405.76,
23-January-2007,,,,1385.96,
24-January-2007,,,,1393.02,
25-January-2007,,,,1405.86,
26-January-2007,,,,1405.86,
29-January-2007,,,,1403.40,
30-January-2007,,,,1403.40,
31-January-2007,,,,1393.52,
1-February-2007,,,,1403.81,
2-February-2007,,,,1415.66,
5-February-2007,,,,1423.70,
6-February-2007,,,,1428.02,
7-February-2007,,,,1434.42,
8-February-2007,,,,1432.65,
9-February-2007,,,,1407.01,
12-February-2007,,,,1353.00,
13-February-2007,,,,1342.03,
14-February-2007,,,,1340.20,
15-February-2007,,,,1380.05,
16-February-2007,,,,1380.05,
19-February-2007,,,,1378.49,
20-February-2007,,,,1361.77,
21-February-2007,,,,1361.44,
22-February-2007,,,,1344.97,
23-February-2007,,,,1306.84,
26-February-2007,,,,1313.37,
27-February-2007,,,,1316.99,
28-February-2007,,,,1271.06,
1-March-2007,,,,1273.36,
2-March-2007,,,,1260.19,
5-March-2007,,,,1195.50,
6-March-2007,,,,1204.33,
7-March-2007,,,,1180.37,
8-March-2007,,,,1219.23,
9-March-2007,,,,1212.68,
12-March-2007,,,,1224.03,
13-March-2007,,,,1241.11,
14-March-2007,,,,1216.13,
15-March-2007,,,,1223.20,
16-March-2007,,,,1213.72,
19-March-2007,,,,1226.35,
20-March-2007,,,,1237.62,
21-March-2007,,,,1245.11,
22-March-2007,,,,1262.59,
23-March-2007,,,,1266.81,
26-March-2007,,,,1260.19,
27-March-2007,,,,1260.19,
28-March-2007,,,,1241.71,
29-March-2007,,,,1246.66,
30-March-2007,,,,1262.32,
2-April-2007,,,,1218.51,
3-April-2007,,,,1223.61,
4-April-2007,,,,1233.38,
5-April-2007,,,,1245.21,
6-April-2007,,,,1245.21,
9-April-2007,,,,1272.88,
10-April-2007,,,,1282.49,
11-April-2007,,,,1286.86,
12-April-2007,,,,1281.67,
13-April-2007,,,,1301.63,
16-April-2007,,,,1322.18,
17-April-2007,,,,1316.15,
18-April-2007,,,,1321.61,
19-April-2007,,,,1321.95,
20-April-2007,,,,1334.80,
23-April-2007,,,,1335.01,
24-April-2007,,,,1349.64,
25-April-2007,,,,1362.83,
26-April-2007,,,,1357.43,
27-April-2007,,,,1342.74,
30-April-2007,,,,1356.51,
1-May-2007,,,,1356.60,
2-May-2007,,,,1356.60,
3-May-2007,,,,1372.30,
4-May-2007,,,,1371.37,
7-May-2007,,,,1364.58,
8-May-2007,,,,1351.72,
9-May-2007,,,,1355.51,
10-May-2007,,,,1359.05,
11-May-2007,,,,1366.03,
14-May-2007,,,,1383.37,
15-May-2007,,,,1392.33,
16-May-2007,,,,1412.39,
17-May-2007,,,,1428.34,
18-May-2007,,,,1428.73,
21-May-2007,,,,1442.39,
22-May-2007,,,,1451.16,
23-May-2007,,,,1440.18,
24-May-2007,,,,1435.72,
25-May-2007,,,,1444.37,
28-May-2007,,,,1462.20,
29-May-2007,,,,1472.93,
30-May-2007,,,,1454.63,
31-May-2007,,,,1466.35,
1-June-2007,,,,1476.99,
4-June-2007,,,,1471.75,
5-June-2007,,,,1479.57,
6-June-2007,,,,1456.88,
7-June-2007,,,,1454.33,
8-June-2007,,,,1442.65,
11-June-2007,,,,1437.71,
12-June-2007,,,,1426.99,
13-June-2007,,,,1422.70,
14-June-2007,,,,1450.04,
15-June-2007,,,,1455.65,
18-June-2007,,,,1451.54,
19-June-2007,,,,1468.94,
20-June-2007,,,,1485.53,
21-June-2007,,,,1496.15,
22-June-2007,,,,1497.91,
25-June-2007,,,,1499.64,
26-June-2007,,,,1507.91,
27-June-2007,,,,1505.88,
28-June-2007,,,,1511.95,
29-June-2007,,,,1532.92,
2-July-2007,,,,1544.07,
3-July-2007,,,,1559.59,
4-July-2007,,,,1557.65,
5-July-2007,,,,1548.45,
6-July-2007,,,,1554.49,
9-July-2007,,,,1566.71,
10-July-2007,,,,1562.21,
11-July-2007,,,,1572.92,
12-July-2007,,,,1594.26,
13-July-2007,,,,1600.06,
16-July-2007,,,,1607.58,
17-July-2007,,,,1598.27,
18-July-2007,,,,1597.08,
19-July-2007,,,,1610.60,
20-July-2007,,,,1612.00,
23-July-2007,,,,1623.49,
24-July-2007,,,,1614.58,
25-July-2007,,,,1599.86,
26-July-2007,,,,1607.60,
27-July-2007,,,,1558.29,
30-July-2007,,,,1561.69,
31-July-2007,,,,1588.50,
1-August-2007,,,,1524.64,
2-August-2007,,,,1537.35,
3-August-2007,,,,1556.58,
6-August-2007,,,,1542.04,
7-August-2007,,,,1550.95,
8-August-2007,,,,1574.36,
9-August-2007,,,,1545.53,
10-August-2007,,,,1529.77,
13-August-2007,,,,1542.11,
14-August-2007,,,,1541.35,
15-August-2007,,,,1541.49,
16-August-2007,,,,1481.58,
17-August-2007,,,,1458.73,
20-August-2007,,,,1483.51,
21-August-2007,,,,1432.54,
22-August-2007,,,,1438.89,
23-August-2007,,,,1428.17,
24-August-2007,,,,1449.27,
27-August-2007,,,,1492.88,
28-August-2007,,,,1508.67,
29-August-2007,,,,1518.49,
30-August-2007,,,,1525.19,
31-August-2007,,,,1551.59,
3-September-2007,,,,1578.24,
4-September-2007,,,,1590.49,
5-September-2007,,,,1589.11,
6-September-2007,,,,1602.73,
7-September-2007,,,,1600.61,
10-September-2007,,,,1609.48,
11-September-2007,,,,1611.37,
12-September-2007,,,,1622.13,
13-September-2007,,,,1640.22,
14-September-2007,,,,1629.36,
17-September-2007,,,,1636.35,
18-September-2007,,,,1656.36,
19-September-2007,,,,1686.87,
20-September-2007,,,,1701.26,
21-September-2007,,,,1713.99,
24-September-2007,,,,1738.64,
25-September-2007,,,,1739.07,
26-September-2007,,,,1750.28,
27-September-2007,,,,1748.46,
28-September-2007,,,,1775.63,
1-October-2007,,,,1797.94,
2-October-2007,,,,1798.28,
3-October-2007,,,,1805.08,
4-October-2007,,,,1811.32,
5-October-2007,,,,1789.43,
8-October-2007,,,,1727.43,
9-October-2007,,,,1774.64,
10-October-2007,,,,1803.78,
11-October-2007,,,,1828.92,
12-October-2007,,,,1810.26,
15-October-2007,,,,1862.35,
16-October-2007,,,,1877.11,
17-October-2007,,,,1831.28,
18-October-2007,,,,1783.49,
19-October-2007,,,,1730.81,
22-October-2007,,,,1740.97,
23-October-2007,,,,1824.02,
24-October-2007,,,,1844.57,
25-October-2007,,,,1864.49,
26-October-2007,,,,1913.57,
29-October-2007,,,,1952.91,
30-October-2007,,,,1954.63,
31-October-2007,,,,1981.19,
1-November-2007,,,,1952.89,
2-November-2007,,,,1975.53,
5-November-2007,,,,1998.13,
6-November-2007,,,,1981.16,
7-November-2007,,,,1969.20,
8-November-2007,,,,1949.09,
9-November-2007,,,,1961.18,
12-November-2007,,,,1940.40,
13-November-2007,,,,1986.12,
14-November-2007,,,,2038.26,
15-November-2007,,,,2066.74,
16-November-2007,,,,2093.31,
19-November-2007,,,,2152.46,
20-November-2007,,,,2121.98,
21-November-2007,,,,2021.03,
22-November-2007,,,,1994.23,
23-November-2007,,,,2035.26,
26-November-2007,,,,2077.91,
27-November-2007,,,,2083.82,
28-November-2007,,,,2072.77,
29-November-2007,,,,2066.66,
30-November-2007,,,,2122.13,
3-December-2007,,,,2183.25,
4-December-2007,,,,2219.29,
5-December-2007,,,,2258.06,
6-December-2007,,,,2254.71,
7-December-2007,,,,2256.39,
10-December-2007,,,,2273.57,
11-December-2007,,,,2287.19,
12-December-2007,,,,2330.24,
13-December-2007,,,,2338.82,
14-December-2007,,,,2361.94,
17-December-2007,,,,2259.14,
18-December-2007,,,,2258.36,
19-December-2007,,,,2261.76,
20-December-2007,,,,2246.94,
21-December-2007,,,,2246.93,
24-December-2007,,,,2294.04,
26-December-2007,,,,2346.80,
27-December-2007,,,,2353.64,
28-December-2007,,,,2402.83,
31-December-2007,,,,2452.29,
2-January-2008,,,,2534.56,
3-January-2008,,,,2538.48,
4-January-2008,,,,2555.23,
7-January-2008,,,,2556.96,
8-January-2008,,,,2494.88,
9-January-2008,,,,2480.39,
10-January-2008,,,,2393.95,
11-January-2008,,,,2393.92,
14-January-2008,,,,2435.63,
15-January-2008,,,,2406.81,
16-January-2008,,,,2364.99,
17-January-2008,,,,2377.43,
18-January-2008,,,,2257.57,
21-January-2008,,,,1983.43,
22-January-2008,,,,1818.89,
23-January-2008,,,,1963.83,
24-January-2008,,,,1891.45,
25-January-2008,,,,2024.73,
28-January-2008,,,,2025.56,
29-January-2008,,,,2026.41,
30-January-2008,,,,1973.53,
31-January-2008,,,,1963.77,
1-February-2008,,,,1959.16,
4-February-2008,,,,2017.63,
5-February-2008,,,,2040.23,
6-February-2008,,,,2009.86,
7-February-2008,,,,1954.80,
8-February-2008,,,,1913.78,
11-February-2008,,,,1806.10,
12-February-2008,,,,1773.41,
13-February-2008,,,,1776.60,
14-February-2008,,,,1870.81,
15-February-2008,,,,1913.07,
18-February-2008,,,,1924.92,
19-February-2008,,,,1929.70,
20-February-2008,,,,1897.15,
21-February-2008,,,,1913.43,
22-February-2008,,,,1892.17,
25-February-2008,,,,1890.85,
26-February-2008,,,,1915.95,
27-February-2008,,,,1923.25,
28-February-2008,,,,1919.71,
29-February-2008,,,,1918.29,
3-March-2008,,,,1835.65,
4-March-2008,,,,1787.76,
5-March-2008,,,,1772.27,
7-March-2008,,,,1695.81,
10-March-2008,,,,1692.22,
11-March-2008,,,,1750.17,
12-March-2008,,,,1738.10,
13-March-2008,,,,1636.71,
14-March-2008,,,,1660.35,
17-March-2008,,,,1547.05,
18-March-2008,,,,1525.87,
19-March-2008,,,,1510.97,
24-March-2008,,,,1469.90,
25-March-2008,,,,1565.68,
26-March-2008,,,,1584.85,
27-March-2008,,,,1585.35,
28-March-2008,,,,1649.24,
31-March-2008,,,,1613.72,
1-April-2008,,,,1605.74,
2-April-2008,,,,1614.40,
3-April-2008,,,,1614.30,
4-April-2008,,,,1582.17,
7-April-2008,,,,1609.44,
8-April-2008,,,,1613.66,
9-April-2008,,,,1634.53,
10-April-2008,,,,1636.55,
11-April-2008,,,,1648.27,
15-April-2008,,,,1675.83,
16-April-2008,,,,1697.58,
17-April-2008,,,,1733.98,
21-April-2008,,,,1777.90,
22-April-2008,,,,1795.60,
23-April-2008,,,,1796.35,
24-April-2008,,,,1788.88,
25-April-2008,,,,1800.49,
28-April-2008,,,,1805.11,
29-April-2008,,,,1832.46,
30-April-2008,,,,1827.77,
2-May-2008,,,,1855.21,
5-May-2008,,,,1866.35,
6-May-2008,,,,1842.67,
7-May-2008,,,,1834.34,
8-May-2008,,,,1818.85,
9-May-2008,,,,1769.64,
12-May-2008,,,,1762.68,
13-May-2008,,,,1763.08,
14-May-2008,,,,1777.87,
15-May-2008,,,,1802.95,
16-May-2008,,,,1819.50,
20-May-2008,,,,1809.74,
21-May-2008,,,,1824.62,
22-May-2008,,,,1794.54,
23-May-2008,,,,1766.34,
26-May-2008,,,,1721.83,
27-May-2008,,,,1703.83,
28-May-2008,,,,1720.67,
29-May-2008,,,,1716.78,
30-May-2008,,,,1716.63,
2-June-2008,,,,1676.14,
3-June-2008,,,,1665.31,
4-June-2008,,,,1615.59,
5-June-2008,,,,1626.79,
6-June-2008,,,,1615.68,
9-June-2008,,,,1564.08,
10-June-2008,,,,1545.71,
11-June-2008,,,,1570.56,
12-June-2008,,,,1583.37,
13-June-2008,,,,1582.18,
16-June-2008,,,,1600.88,
17-June-2008,,,,1635.66,
18-June-2008,,,,1618.26,
19-June-2008,,,,1587.31,
20-June-2008,,,,1532.22,
23-June-2008,,,,1473.51,
24-June-2008,,,,1447.12,
25-June-2008,,,,1460.79,
26-June-2008,,,,1460.34,
27-June-2008,,,,1411.77,
30-June-2008,,,,1364.48,
1-July-2008,,,,1300.14,
2-July-2008,,,,1349.75,
3-July-2008,,,,1304.33,
4-July-2008,,,,1335.69,
7-July-2008,,,,1353.16,
8-July-2008,,,,1349.77,
9-July-2008,,,,1400.22,
10-July-2008,,,,1400.56,
11-July-2008,,,,1370.43,
14-July-2008,,,,1360.81,
15-July-2008,,,,1311.72,
16-July-2008,,,,1290.91,
17-July-2008,,,,1313.88,
18-July-2008,,,,1340.38,
21-July-2008,,,,1346.67,
22-July-2008,,,,1373.34,
23-July-2008,,,,1452.82,
24-July-2008,,,,1443.22,
25-July-2008,,,,1434.11,
28-July-2008,,,,1446.86,
29-July-2008,,,,1403.95,
30-July-2008,,,,1438.38,
31-July-2008,,,,1434.83,
1-August-2008,,,,1462.27,
4-August-2008,,,,1494.11,
5-August-2008,,,,1521.62,
6-August-2008,,,,1515.07,
7-August-2008,,,,1520.49,
8-August-2008,,,,1523.75,
11-August-2008,,,,1550.75,
12-August-2008,,,,1530.00,
13-August-2008,,,,1527.65,
14-August-2008,,,,1493.87,
18-August-2008,,,,1479.32,
19-August-2008,,,,1475.62,
20-August-2008,,,,1488.12,
21-August-2008,,,,1453.79,
22-August-2008,,,,1458.42,
25-August-2008,,,,1460.99,
26-August-2008,,,,1459.80,
27-August-2008,,,,1447.23,
28-August-2008,,,,1428.56,
29-August-2008,,,,1466.92,
1-September-2008,,,,1468.19,
2-September-2008,,,,1496.22,
4-September-2008,,,,1490.24,
5-September-2008,,,,1460.94,
8-September-2008,,,,1478.76,
9-September-2008,,,,1468.54,
10-September-2008,,,,1451.02,
11-September-2008,,,,1433.42,
12-September-2008,,,,1407.55,
15-September-2008,,,,1344.70,
16-September-2008,,,,1330.88,
17-September-2008,,,,1306.63,
18-September-2008,,,,1291.42,
19-September-2008,,,,1332.63,
22-September-2008,,,,1326.99,
23-September-2008,,,,1301.41,
24-September-2008,,,,1303.98,
25-September-2008,,,,1293.81,
26-September-2008,,,,1254.46,
29-September-2008,,,,1197.23,
30-September-2008,,,,1211.52,
1-October-2008,,,,1220.21,
3-October-2008,,,,1181.96,
6-October-2008,,,,1100.44,
7-October-2008,,,,1075.69,
8-October-2008,,,,1016.51,
10-October-2008,,,,938.01,
13-October-2008,,,,981.65,
14-October-2008,,,,1001.30,
15-October-2008,,,,953.97,
16-October-2008,,,,941.81,
17-October-2008,,,,911.77,
20-October-2008,,,,910.21,
21-October-2008,,,,934.69,
22-October-2008,,,,906.01,
23-October-2008,,,,873.33,
24-October-2008,,,,796.96,
27-October-2008,,,,760.94,
29-October-2008,,,,798.28,
31-October-2008,,,,833.26,
3-November-2008,,,,874.20,
4-November-2008,,,,903.99,
5-November-2008,,,,890.47,
6-November-2008,,,,869.16,
7-November-2008,,,,881.30,
10-November-2008,,,,913.31,
11-November-2008,,,,879.05,
12-November-2008,,,,861.22,
14-November-2008,,,,845.74,
17-November-2008,,,,823.28,
18-November-2008,,,,803.65,
19-November-2008,,,,791.27,
20-November-2008,,,,765.18,
21-November-2008,,,,769.84,
24-November-2008,,,,766.32,
25-November-2008,,,,758.13,
26-November-2008,,,,759.41,
27-November-2008,,,,759.46,
28-November-2008,,,,761.90,
1-December-2008,,,,753.17,
2-December-2008,,,,745.95,
3-December-2008,,,,754.67,
4-December-2008,,,,778.59,
5-December-2008,,,,769.38,
8-December-2008,,,,769.45,
10-December-2008,,,,787.01,
11-December-2008,,,,799.43,
12-December-2008,,,,810.30,
15-December-2008,,,,837.51,
16-December-2008,,,,857.76,
17-December-2008,,,,833.16,
18-December-2008,,,,852.03,
19-December-2008,,,,865.49,
22-December-2008,,,,864.05,
23-December-2008,,,,843.04,
24-December-2008,,,,838.10,
26-December-2008,,,,827.05,
29-December-2008,,,,837.82,
30-December-2008,,,,854.76,
31-December-2008,,,,859.44,
1-January-2009,,,,883.04,
2-January-2009,,,,898.68,
5-January-2009,,,,915.39,
6-January-2009,,,,915.77,
7-January-2009,,,,855.72,
9-January-2009,,,,833.74,
12-January-2009,,,,817.42,
13-January-2009,,,,806.14,
14-January-2009,,,,823.12,
15-January-2009,,,,808.31,
16-January-2009,,,,811.86,
19-January-2009,,,,815.66,
20-January-2009,,,,808.57,
21-January-2009,,,,789.64,
22-January-2009,,,,773.28,
23-January-2009,,,,758.23,
27-January-2009,,,,761.77,
28-January-2009,,,,772.02,
29-January-2009,,,,767.48,
30-January-2009,,,,777.16,
2-February-2009,,,,764.34,
3-February-2009,,,,758.27,
4-February-2009,,,,755.53,
5-February-2009,,,,751.33,
6-February-2009,,,,762.74,
9-February-2009,,,,776.67,
10-February-2009,,,,784.00,
11-February-2009,,,,783.24,
12-February-2009,,,,784.06,
13-February-2009,,,,793.89,
16-February-2009,,,,771.96,
17-February-2009,,,,752.79,
18-February-2009,,,,749.74,
19-February-2009,,,,749.08,
20-February-2009,,,,736.08,
24-February-2009,,,,724.59,
25-February-2009,,,,727.36,
26-February-2009,,,,726.79,
27-February-2009,,,,726.84,
2-March-2009,,,,712.50,
3-March-2009,,,,700.54,
4-March-2009,,,,698.20,
5-March-2009,,,,684.73,
6-March-2009,,,,681.83,
9-March-2009,,,,670.50,
12-March-2009,,,,673.62,
13-March-2009,,,,691.69,
16-March-2009,,,,709.87,
17-March-2009,,,,708.12,
18-March-2009,,,,720.17,
19-March-2009,,,,723.68,
20-March-2009,,,,721.09,
23-March-2009,,,,739.84,
24-March-2009,,,,735.31,
25-March-2009,,,,740.68,
26-March-2009,,,,752.28,
27-March-2009,,,,770.95,
30-March-2009,,,,757.19,
31-March-2009,,,,772.55,
1-April-2009,,,,786.43,
2-April-2009,,,,814.11,
6-April-2009,,,,833.99,
8-April-2009,,,,856.26,
9-April-2009,,,,870.53,
13-April-2009,,,,897.15,
15-April-2009,,,,936.30,
16-April-2009,,,,897.06,
17-April-2009,,,,907.56,
20-April-2009,,,,920.83,
21-April-2009,,,,917.47,
22-April-2009,,,,907.99,
23-April-2009,,,,918.77,
24-April-2009,,,,935.40,
27-April-2009,,,,928.32,
28-April-2009,,,,894.80,
29-April-2009,,,,909.25,
30-April-2009,,,,909.24,
4-May-2009,,,,943.10,
5-May-2009,,,,956.17,
6-May-2009,,,,946.72,
7-May-2009,,,,970.28,
8-May-2009,,,,966.03,
11-May-2009,,,,953.13,
12-May-2009,,,,963.28,
13-May-2009,,,,963.34,
14-May-2009,,,,969.29,
15-May-2009,,,,981.32,
18-May-2009,,,,1094.83,
19-May-2009,,,,1124.65,
20-May-2009,,,,1194.84,
21-May-2009,,,,1203.07,
22-May-2009,,,,1223.04,
25-May-2009,,,,1260.64,
26-May-2009,,,,1221.86,
27-May-2009,,,,1265.71,
28-May-2009,,,,1269.76,
29-May-2009,,,,1301.13,
1-June-2009,,,,1338.09,
2-June-2009,,,,1346.28,
3-June-2009,,,,1370.30,
4-June-2009,,,,1398.48,
5-June-2009,,,,1394.69,
8-June-2009,,,,1323.93,
9-June-2009,,,,1358.61,
10-June-2009,,,,1377.82,
11-June-2009,,,,1372.92,
12-June-2009,,,,1345.57,
15-June-2009,,,,1325.00,
16-June-2009,,,,1349.33,
17-June-2009,,,,1297.96,
18-June-2009,,,,1262.92,
19-June-2009,,,,1281.28,
22-June-2009,,,,1274.81,
23-June-2009,,,,1274.77,
24-June-2009,,,,1305.22,
25-June-2009,,,,1303.76,
26-June-2009,,,,1331.06,
29-June-2009,,,,1348.63,
30-June-2009,,,,1310.90,
1-July-2009,,,,1321.67,
2-July-2009,,,,1326.62,
3-July-2009,,,,1339.84,
6-July-2009,,,,1273.20,
7-July-2009,,,,1281.22,
8-July-2009,,,,1240.29,
9-July-2009,,,,1246.78,
10-July-2009,,,,1222.15,
13-July-2009,,,,1189.34,
14-July-2009,,,,1237.85,
15-July-2009,,,,1285.34,
16-July-2009,,,,1290.53,
17-July-2009,,,,1321.67,
20-July-2009,,,,1354.57,
21-July-2009,,,,1354.52,
22-July-2009,,,,1341.03,
23-July-2009,,,,1366.84,
24-July-2009,,,,1387.73,
27-July-2009,,,,1403.56,
28-July-2009,,,,1419.37,
29-July-2009,,,,1406.17,
30-July-2009,,,,1415.21,
31-July-2009,,,,1428.59,
3-August-2009,,,,1454.81,
4-August-2009,,,,1452.08,
5-August-2009,,,,1458.60,
6-August-2009,,,,1428.03,
7-August-2009,,,,1396.02,
10-August-2009,,,,1370.03,
11-August-2009,,,,1381.80,
12-August-2009,,,,1381.96,
13-August-2009,,,,1430.12,
14-August-2009,,,,1432.02,
17-August-2009,,,,1383.79,
18-August-2009,,,,1410.26,
19-August-2009,,,,1394.14,
20-August-2009,,,,1405.27,
21-August-2009,,,,1422.87,
24-August-2009,,,,1455.71,
25-August-2009,,,,1464.49,
26-August-2009,,,,1483.54,
27-August-2009,,,,1488.87,
28-August-2009,,,,1499.46,
31-August-2009,,,,1505.05,
1-September-2009,,,,1486.34,
2-September-2009,,,,1479.95,
3-September-2009,,,,1484.81,
4-September-2009,,,,1497.84,
7-September-2009,,,,1531.14,
8-September-2009,,,,1527.43,
9-September-2009,,,,1526.78,
10-September-2009,,,,1525.65,
11-September-2009,,,,1520.54,
14-September-2009,,,,1525.62,
15-September-2009,,,,1557.21,
16-September-2009,,,,1576.07,
17-September-2009,,,,1581.94,
18-September-2009,,,,1592.90,
22-September-2009,,,,1605.62,
23-September-2009,,,,1588.60,
24-September-2009,,,,1597.74,
25-September-2009,,,,1610.60,
29-September-2009,,,,1620.75,
30-September-2009,,,,1635.67,
1-October-2009,,,,1632.54,
5-October-2009,,,,1604.27,
6-October-2009,,,,1603.81,
7-October-2009,,,,1623.24,
8-October-2009,,,,1632.87,
9-October-2009,,,,1623.99,
12-October-2009,,,,1647.12,
14-October-2009,,,,1679.49,
15-October-2009,,,,1690.42,
16-October-2009,,,,1703.37,
20-October-2009,,,,1713.03,
21-October-2009,,,,1693.37,
22-October-2009,,,,1661.56,
23-October-2009,,,,1675.96,
26-October-2009,,,,1651.28,
27-October-2009,,,,1590.72,
28-October-2009,,,,1592.75,
29-October-2009,,,,1567.05,
30-October-2009,,,,1561.10,
3-November-2009,,,,1510.04,
4-November-2009,,,,1556.09,
5-November-2009,,,,1584.48,
6-November-2009,,,,1617.27,
9-November-2009,,,,1651.58,
10-November-2009,,,,1647.56,
11-November-2009,,,,1680.58,
12-November-2009,,,,1662.84,
13-November-2009,,,,1667.70,
16-November-2009,,,,1686.58,
17-November-2009,,,,1688.62,
18-November-2009,,,,1695.09,
19-November-2009,,,,1670.52,
20-November-2009,,,,1685.46,
23-November-2009,,,,1693.54,
24-November-2009,,,,1700.20,
25-November-2009,,,,1700.71,
26-November-2009,,,,1681.22,
27-November-2009,,,,1656.92,
30-November-2009,,,,1686.25,
1-December-2009,,,,1718.61,
2-December-2009,,,,1731.49,
3-December-2009,,,,1742.38,
4-December-2009,,,,1741.55,
7-December-2009,,,,1727.72,
8-December-2009,,,,1749.81,
9-December-2009,,,,1741.24,
10-December-2009,,,,1747.59,
11-December-2009,,,,1737.55,
14-December-2009,,,,1731.62,
15-December-2009,,,,1705.45,
16-December-2009,,,,1711.91,
17-December-2009,,,,1726.87,
18-December-2009,,,,1718.55,
21-December-2009,,,,1712.19,
22-December-2009,,,,1725.93,
23-December-2009,,,,1752.11,
24-December-2009,,,,1763.72,
29-December-2009,,,,1771.15,
30-December-2009,,,,1778.01,
31-December-2009,,,,1784.56,
4-January-2010,,,,1809.66,
5-January-2010,,,,1832.21,
6-January-2010,,,,1844.47,
7-January-2010,,,,1842.17,
8-January-2010,,,,1842.60,
11-January-2010,,,,1861.60,
12-January-2010,,,,1842.48,
13-January-2010,,,,1855.83,
14-January-2010,,,,1873.08,
15-January-2010,,,,1873.92,
18-January-2010,,,,1882.18,
19-January-2010,,,,1867.86,
20-January-2010,,,,1865.57,
21-January-2010,,,,1820.14,
22-January-2010,,,,1800.54,
25-January-2010,,,,1777.77,
27-January-2010,,,,1706.91,
28-January-2010,,,,1715.58,
29-January-2010,,,,1732.39,
1-February-2010,,,,1766.18,
2-February-2010,,,,1745.95,
3-February-2010,,,,1773.67,
4-February-2010,,,,1740.46,
5-February-2010,,,,1694.65,
8-February-2010,,,,1717.12,
9-February-2010,,,,1726.30,
10-February-2010,,,,1725.62,
11-February-2010,,,,1740.76,
15-February-2010,,,,1731.99,
16-February-2010,,,,1745.18,
17-February-2010,,,,1760.25,
18-February-2010,,,,1749.92,
19-February-2010,,,,1728.00,
22-February-2010,,,,1713.61,
23-February-2010,,,,1702.66,
24-February-2010,,,,1698.14,
25-February-2010,,,,1693.79,
26-February-2010,,,,1719.89,
2-March-2010,,,,1759.08,
3-March-2010,,,,1785.88,
4-March-2010,,,,1802.05,
5-March-2010,,,,1811.96,
8-March-2010,,,,1823.12,
9-March-2010,,,,1810.04,
10-March-2010,,,,1805.25,
11-March-2010,,,,1799.43,
12-March-2010,,,,1796.67,
15-March-2010,,,,1783.80,
16-March-2010,,,,1800.63,
17-March-2010,,,,1804.00,
18-March-2010,,,,1808.90,
19-March-2010,,,,1815.20,
22-March-2010,,,,1796.60,
23-March-2010,,,,1803.48,
25-March-2010,,,,1805.09,
26-March-2010,,,,1816.58,
29-March-2010,,,,1816.22,
30-March-2010,,,,1821.18,
31-March-2010,,,,1827.07,
1-April-2010,,,,1848.44,
5-April-2010,,,,1876.07,
6-April-2010,,,,1882.93,
7-April-2010,,,,1891.49,
8-April-2010,,,,1883.25,
9-April-2010,,,,1895.09,
12-April-2010,,,,1890.81,
13-April-2010,,,,1887.84,
15-April-2010,,,,1880.67,
16-April-2010,,,,1873.63,
19-April-2010,,,,1854.29,
20-April-2010,,,,1879.37,
21-April-2010,,,,1896.54,
22-April-2010,,,,1896.69,
23-April-2010,,,,1900.55,
26-April-2010,,,,1909.99,
27-April-2010,,,,1904.45,
28-April-2010,,,,1877.75,
29-April-2010,,,,1892.58,
30-April-2010,,,,1909.85,
3-May-2010,,,,1903.53,
4-May-2010,,,,1870.14,
5-May-2010,,,,1877.47,
6-May-2010,,,,1871.80,
7-May-2010,,,,1823.02,
10-May-2010,,,,1865.20,
11-May-2010,,,,1845.97,
12-May-2010,,,,1852.94,
13-May-2010,,,,1872.85,
14-May-2010,,,,1854.05,
17-May-2010,,,,1850.64,
18-May-2010,,,,1854.37,
19-May-2010,,,,1806.62,
20-May-2010,,,,1807.50,
21-May-2010,,,,1782.92,
24-May-2010,,,,1785.95,
25-May-2010,,,,1732.33,
26-May-2010,,,,1759.75,
27-May-2010,,,,1776.40,
28-May-2010,,,,1808.17,
31-May-2010,,,,1828.57,
1-June-2010,,,,1804.35,
2-June-2010,,,,1820.55,
3-June-2010,,,,1841.66,
4-June-2010,,,,1845.65,
7-June-2010,,,,1821.13,
8-June-2010,,,,1809.84,
9-June-2010,,,,1821.82,
10-June-2010,,,,1843.88,
11-June-2010,,,,1846.87,
14-June-2010,,,,1861.38,
15-June-2010,,,,1870.29,
16-June-2010,,,,1874.18,
17-June-2010,,,,1879.77,
18-June-2010,,,,1869.94,
21-June-2010,,,,1897.06,
22-June-2010,,,,1895.85,
23-June-2010,,,,1908.83,
24-June-2010,,,,1912.06,
25-June-2010,,,,1902.91,
28-June-2010,,,,1923.98,
29-June-2010,,,,1912.27,
30-June-2010,,,,1920.65,
1-July-2010,,,,1917.21,
2-July-2010,,,,1914.14,
5-July-2010,,,,1915.97,
6-July-2010,,,,1929.39,
7-July-2010,,,,1925.05,
8-July-2010,,,,1939.97,
9-July-2010,,,,1951.97,
12-July-2010,,,,1956.50,
13-July-2010,,,,1967.38,
14-July-2010,,,,1961.64,
15-July-2010,,,,1962.79,
16-July-2010,,,,1973.31,
19-July-2010,,,,1977.24,
20-July-2010,,,,1970.57,
21-July-2010,,,,1979.66,
22-July-2010,,,,1987.40,
23-July-2010,,,,1980.27,
26-July-2010,,,,1965.27,
27-July-2010,,,,1968.53,
28-July-2010,,,,1970.05,
29-July-2010,,,,1971.50,
30-July-2010,,,,1973.66,
2-August-2010,,,,1994.90,
3-August-2010,,,,2001.65,
4-August-2010,,,,2002.97,
5-August-2010,,,,2004.11,
6-August-2010,,,,2005.05,
9-August-2010,,,,2027.92,
10-August-2010,,,,2017.91,
11-August-2010,,,,2007.55,
12-August-2010,,,,2014.02,
13-August-2010,,,,2030.01,
16-August-2010,,,,2027.73,
17-August-2010,,,,2038.91,
18-August-2010,,,,2054.92,
19-August-2010,,,,2072.78,
20-August-2010,,,,2074.49,
23-August-2010,,,,2090.31,
24-August-2010,,,,2078.21,
25-August-2010,,,,2050.44,
26-August-2010,,,,2050.91,
27-August-2010,,,,2030.11,
30-August-2010,,,,2031.78,
31-August-2010,,,,2020.68,
1-September-2010,,,,2053.52,
2-September-2010,,,,2069.51,
3-September-2010,,,,2085.27,
6-September-2010,,,,2116.51,
7-September-2010,,,,2120.23,
8-September-2010,,,,2125.73,
9-September-2010,,,,2138.22,
13-September-2010,,,,2159.91,
14-September-2010,,,,2149.22,
15-September-2010,,,,2151.04,
16-September-2010,,,,2133.37,
17-September-2010,,,,2162.09,
20-September-2010,,,,2176.95,
21-September-2010,,,,2158.67,
22-September-2010,,,,2153.84,
23-September-2010,,,,2150.15,
24-September-2010,,,,2170.60,
27-September-2010,,,,2174.33,
28-September-2010,,,,2177.16,
29-September-2010,,,,2165.86,
30-September-2010,,,,2157.92,
1-October-2010,,,,2193.90,
4-October-2010,,,,2209.70,
5-October-2010,,,,2224.80,
6-October-2010,,,,2244.90,
7-October-2010,,,,2230.24,
8-October-2010,,,,2218.41,
11-October-2010,,,,2237.26,
12-October-2010,,,,2223.61,
13-October-2010,,,,2244.94,
14-October-2010,,,,2237.65,
15-October-2010,,,,2208.57,
18-October-2010,,,,2203.07,
19-October-2010,,,,2204.46,
20-October-2010,,,,2200.85,
21-October-2010,,,,2230.37,
22-October-2010,,,,2233.53,
25-October-2010,,,,2246.26,
26-October-2010,,,,2244.29,
27-October-2010,,,,2236.25,
28-October-2010,,,,2220.05,
29-October-2010,,,,2204.47,
1-November-2010,,,,2237.05,
2-November-2010,,,,2247.57,
3-November-2010,,,,2257.87,
4-November-2010,,,,2276.43,
5-November-2010,,,,2294.04,
8-November-2010,,,,2293.30,
9-November-2010,,,,2307.08,
10-November-2010,,,,2312.47,
11-November-2010,,,,2286.42,
12-November-2010,,,,2236.06,
15-November-2010,,,,2239.64,
16-November-2010,,,,2193.14,
18-November-2010,,,,2190.46,
19-November-2010,,,,2150.24,
22-November-2010,,,,2176.64,
23-November-2010,,,,2154.00,
24-November-2010,,,,2128.45,
25-November-2010,,,,2085.52,
26-November-2010,,,,2028.43,
29-November-2010,,,,2045.48,
30-November-2010,,,,2074.69,
1-December-2010,,,,2129.99,
2-December-2010,,,,2149.37,
3-December-2010,,,,2105.67,
6-December-2010,,,,2096.19,
7-December-2010,,,,2075.39,
8-December-2010,,,,2032.85,
9-December-2010,,,,1946.23,
10-December-2010,,,,1979.25,
13-December-2010,,,,2012.22,
14-December-2010,,,,2041.47,
15-December-2010,,,,2014.15,
16-December-2010,,,,2020.85,
20-December-2010,,,,2017.56,
21-December-2010,,,,2033.99,
22-December-2010,,,,2035.01,
23-December-2010,,,,2029.74,
24-December-2010,,,,2033.36,
27-December-2010,,,,2029.91,
28-December-2010,,,,2032.25,
29-December-2010,,,,2044.91,
30-December-2010,,,,2057.01,
31-December-2010,,,,2078.95,
3-January-2011,,,,2098.53,
4-January-2011,,,,2095.43,
5-January-2011,,,,2070.79,
6-January-2011,,,,2046.58,
7-January-2011,,,,1996.69,
10-January-2011,,,,1946.34,
11-January-2011,,,,1937.00,
12-January-2011,,,,1967.50,
13-January-2011,,,,1951.43,
14-January-2011,,,,1924.99,
17-January-2011,,,,1904.95,
18-January-2011,,,,1914.42,
19-January-2011,,,,1917.60,
20-January-2011,,,,1920.72,
21-January-2011,,,,1925.78,
24-January-2011,,,,1940.67,
25-January-2011,,,,1931.02,
27-January-2011,,,,1892.36,
28-January-2011,,,,1842.06,
31-January-2011,,,,1844.74,
1-February-2011,,,,1814.19,
2-February-2011,,,,1814.18,
3-February-2011,,,,1831.52,
4-February-2011,,,,1806.19,
7-February-2011,,,,1794.56,
8-February-2011,,,,1749.53,
9-February-2011,,,,1690.26,
10-February-2011,,,,1691.50,
11-February-2011,,,,1733.87,
14-February-2011,,,,1795.00,
15-February-2011,,,,1800.58,
16-February-2011,,,,1807.77,
17-February-2011,,,,1826.74,
18-February-2011,,,,1792.32,
21-February-2011,,,,1796.57,
22-February-2011,,,,1780.84,
23-February-2011,,,,1771.24,
24-February-2011,,,,1717.27,
25-February-2011,,,,1718.67,
28-February-2011,,,,1723.32,
1-March-2011,,,,1777.56,
3-March-2011,,,,1783.58,
4-March-2011,,,,1783.03,
7-March-2011,,,,1761.60,
8-March-2011,,,,1779.81,
9-March-2011,,,,1791.00,
10-March-2011,,,,1786.53,
11-March-2011,,,,1769.35,
14-March-2011,,,,1779.88,
15-March-2011,,,,1754.21,
16-March-2011,,,,1776.65,
17-March-2011,,,,1770.36,
18-March-2011,,,,1757.38,
21-March-2011,,,,1752.77,
22-March-2011,,,,1765.92,
23-March-2011,,,,1781.01,
24-March-2011,,,,1792.20,
25-March-2011,,,,1808.66,
28-March-2011,,,,1816.59,
29-March-2011,,,,1821.58,
30-March-2011,,,,1850.41,
31-March-2011,,,,1852.02,
1-April-2011,,,,1876.39,
4-April-2011,,,,1907.68,
5-April-2011,,,,1927.40,
6-April-2011,,,,1936.14,
7-April-2011,,,,1952.26,
8-April-2011,,,,1929.73,
11-April-2011,,,,1915.96,
13-April-2011,,,,1942.86,
15-April-2011,,,,1938.89,
18-April-2011,,,,1915.80,
19-April-2011,,,,1919.37,
20-April-2011,,,,1941.39,
21-April-2011,,,,1939.13,
25-April-2011,,,,1942.75,
26-April-2011,,,,1943.97,
27-April-2011,,,,1942.53,
28-April-2011,,,,1928.83,
29-April-2011,,,,1906.91,
2-May-2011,,,,1888.10,
3-May-2011,,,,1852.57,
4-May-2011,,,,1842.11,
5-May-2011,,,,1819.40,
6-May-2011,,,,1845.07,
9-May-2011,,,,1845.71,
10-May-2011,,,,1845.75,
11-May-2011,,,,1860.34,
12-May-2011,,,,1844.24,
13-May-2011,,,,1862.53,
16-May-2011,,,,1849.11,
17-May-2011,,,,1838.69,
18-May-2011,,,,1827.34,
19-May-2011,,,,1817.52,
20-May-2011,,,,1830.45,
23-May-2011,,,,1806.56,
24-May-2011,,,,1812.84,
25-May-2011,,,,1805.57,
26-May-2011,,,,1811.54,
27-May-2011,,,,1835.10,
30-May-2011,,,,1850.93,
31-May-2011,,,,1880.24,
1-June-2011,,,,1892.54,
2-June-2011,,,,1877.38,
3-June-2011,,,,1870.90,
6-June-2011,,,,1871.91,
7-June-2011,,,,1883.74,
8-June-2011,,,,1881.66,
9-June-2011,,,,1877.81,
10-June-2011,,,,1869.89,
13-June-2011,,,,1872.63,
14-June-2011,,,,1881.38,
15-June-2011,,,,1871.22,
16-June-2011,,,,1857.26,
17-June-2011,,,,1840.61,
20-June-2011,,,,1790.39,
21-June-2011,,,,1786.38,
22-June-2011,,,,1770.78,
23-June-2011,,,,1770.49,
24-June-2011,,,,1805.01,
27-June-2011,,,,1824.37,
28-June-2011,,,,1834.73,
29-June-2011,,,,1847.70,
30-June-2011,,,,1852.32,
1-July-2011,,,,1865.21,
4-July-2011,,,,1883.53,
5-July-2011,,,,1883.81,
6-July-2011,,,,1883.93,
7-July-2011,,,,1905.47,
8-July-2011,,,,1890.34,
11-July-2011,,,,1881.63,
12-July-2011,,,,1862.13,
13-July-2011,,,,1884.13,
14-July-2011,,,,1891.21,
15-July-2011,,,,1891.25,
18-July-2011,,,,1894.32,
19-July-2011,,,,1899.38,
20-July-2011,,,,1878.47,
21-July-2011,,,,1865.88,
22-July-2011,,,,1887.45,
25-July-2011,,,,1897.16,
26-July-2011,,,,1876.39,
27-July-2011,,,,1876.60,
28-July-2011,,,,1861.69,
29-July-2011,,,,1849.04,
1-August-2011,,,,1844.47,
2-August-2011,,,,1820.64,
3-August-2011,,,,1810.83,
4-August-2011,,,,1797.90,
5-August-2011,,,,1762.18,
8-August-2011,,,,1735.74,
9-August-2011,,,,1711.80,
10-August-2011,,,,1747.50,
11-August-2011,,,,1743.28,
12-August-2011,,,,1732.56,
16-August-2011,,,,1705.74,
17-August-2011,,,,1691.68,
18-August-2011,,,,1656.23,
19-August-2011,,,,1635.55,
22-August-2011,,,,1658.52,
23-August-2011,,,,1673.41,
24-August-2011,,,,1663.75,
25-August-2011,,,,1648.09,
26-August-2011,,,,1612.53,
29-August-2011,,,,1650.82,
30-August-2011,,,,1672.95,
2-September-2011,,,,1686.88,
5-September-2011,,,,1694.05,
6-September-2011,,,,1703.96,
7-September-2011,,,,1724.68,
8-September-2011,,,,1730.19,
9-September-2011,,,,1712.82,
12-September-2011,,,,1677.72,
13-September-2011,,,,1676.77,
14-September-2011,,,,1683.57,
15-September-2011,,,,1695.68,
16-September-2011,,,,1698.18,
19-September-2011,,,,1693.25,
20-September-2011,,,,1708.10,
21-September-2011,,,,1719.78,
22-September-2011,,,,1664.84,
23-September-2011,,,,1650.59,
26-September-2011,,,,1626.17,
27-September-2011,,,,1652.94,
28-September-2011,,,,1639.45,
29-September-2011,,,,1640.63,
30-September-2011,,,,1629.84,
3-October-2011,,,,1602.24,
4-October-2011,,,,1582.79,
5-October-2011,,,,1568.67,
7-October-2011,,,,1589.63,
10-October-2011,,,,1609.65,
11-October-2011,,,,1618.82,
12-October-2011,,,,1643.70,
13-October-2011,,,,1642.97,
14-October-2011,,,,1647.14,
17-October-2011,,,,1650.77,
18-October-2011,,,,1631.78,
19-October-2011,,,,1649.42,
20-October-2011,,,,1636.00,
21-October-2011,,,,1624.37,
24-October-2011,,,,1617.53,
25-October-2011,,,,1623.02,
26-October-2011,,,,1640.63,
28-October-2011,,,,1668.25,
31-October-2011,,,,1673.52,
1-November-2011,,,,1662.52,
2-November-2011,,,,1663.23,
3-November-2011,,,,1665.83,
4-November-2011,,,,1678.44,
8-November-2011,,,,1676.93,
9-November-2011,,,,1654.46,
11-November-2011,,,,1633.61,
14-November-2011,,,,1609.23,
15-November-2011,,,,1567.76,
16-November-2011,,,,1555.13,
17-November-2011,,,,1532.04,
18-November-2011,,,,1518.27,
21-November-2011,,,,1490.41,
22-November-2011,,,,1493.94,
23-November-2011,,,,1467.70,
24-November-2011,,,,1487.03,
25-November-2011,,,,1491.01,
28-November-2011,,,,1517.42,
29-November-2011,,,,1506.23,
30-November-2011,,,,1495.58,
1-December-2011,,,,1510.78,
2-December-2011,,,,1534.44,
5-December-2011,,,,1534.85,
7-December-2011,,,,1535.43,
8-December-2011,,,,1507.30,
9-December-2011,,,,1493.86,
12-December-2011,,,,1465.22,
13-December-2011,,,,1457.76,
14-December-2011,,,,1443.30,
15-December-2011,,,,1430.91,
16-December-2011,,,,1403.19,
19-December-2011,,,,1374.16,
20-December-2011,,,,1344.64,
21-December-2011,,,,1364.63,
22-December-2011,,,,1378.57,
23-December-2011,,,,1375.77,
26-December-2011,,,,1386.15,
27-December-2011,,,,1375.55,
28-December-2011,,,,1361.41,
29-December-2011,,,,1356.16,
30-December-2011,,,,1356.48,
2-January-2012,,,,1357.37,
3-January-2012,,,,1393.12,
4-January-2012,,,,1396.15,
5-January-2012,,,,1397.70,
6-January-2012,,,,1393.89,
9-January-2012,,,,1413.61,
10-January-2012,,,,1447.79,
11-January-2012,,,,1462.94,
12-January-2012,,,,1471.25,
13-January-2012,,,,1486.25,
16-January-2012,,,,1487.80,
17-January-2012,,,,1504.75,
18-January-2012,,,,1487.79,
19-January-2012,,,,1505.09,
20-January-2012,,,,1510.33,
23-January-2012,,,,1512.28,
24-January-2012,,,,1534.47,
25-January-2012,,,,1557.35,
27-January-2012,,,,1569.26,
30-January-2012,,,,1540.37,
31-January-2012,,,,1571.19,
1-February-2012,,,,1590.78,
2-February-2012,,,,1601.83,
3-February-2012,,,,1619.32,
6-February-2012,,,,1639.95,
7-February-2012,,,,1628.03,
8-February-2012,,,,1648.10,
9-February-2012,,,,1667.30,
10-February-2012,,,,1670.05,
13-February-2012,,,,1673.97,
14-February-2012,,,,1690.10,
15-February-2012,,,,1724.21,
16-February-2012,,,,1734.13,
17-February-2012,,,,1735.83,
21-February-2012,,,,1751.83,
22-February-2012,,,,1687.55,
23-February-2012,,,,1682.12,
24-February-2012,,,,1672.17,
27-February-2012,,,,1620.15,
28-February-2012,,,,1672.11,
29-February-2012,,,,1686.17,
1-March-2012,,,,1677.53,
2-March-2012,,,,1678.43,
5-March-2012,,,,1659.32,
6-March-2012,,,,1641.81,
7-March-2012,,,,1640.76,
9-March-2012,,,,1676.95,
12-March-2012,,,,1693.02,
13-March-2012,,,,1712.23,
14-March-2012,,,,1719.00,
15-March-2012,,,,1693.47,
16-March-2012,,,,1674.86,
19-March-2012,,,,1658.68,
20-March-2012,,,,1671.16,
21-March-2012,,,,1703.73,
22-March-2012,,,,1664.84,
23-March-2012,,,,1675.14,
26-March-2012,,,,1648.92,
27-March-2012,,,,1653.70,
28-March-2012,,,,1637.09,
29-March-2012,,,,1645.91,
30-March-2012,,,,1684.27,
2-April-2012,,,,1702.94,
3-April-2012,,,,1719.10,
4-April-2012,,,,1719.31,
9-April-2012,,,,1697.31,
10-April-2012,,,,1694.52,
11-April-2012,,,,1685.14,
12-April-2012,,,,1699.25,
13-April-2012,,,,1686.49,
16-April-2012,,,,1698.32,
17-April-2012,,,,1709.10,
18-April-2012,,,,1715.35,
19-April-2012,,,,1718.46,
20-April-2012,,,,1705.29,
23-April-2012,,,,1675.47,
24-April-2012,,,,1673.93,
25-April-2012,,,,1664.46,
26-April-2012,,,,1657.12,
27-April-2012,,,,1651.51,
30-April-2012,,,,1671.87,
2-May-2012,,,,1670.11,
3-May-2012,,,,1653.11,
4-May-2012,,,,1625.70,
7-May-2012,,,,1635.72,
8-May-2012,,,,1610.72,
9-May-2012,,,,1591.75,
10-May-2012,,,,1590.71,
11-May-2012,,,,1577.18,
14-May-2012,,,,1564.86,
15-May-2012,,,,1573.78,
16-May-2012,,,,1555.76,
17-May-2012,,,,1554.74,
18-May-2012,,,,1553.17,
21-May-2012,,,,1562.12,
22-May-2012,,,,1552.13,
23-May-2012,,,,1544.19,
24-May-2012,,,,1557.72,
25-May-2012,,,,1564.95,
28-May-2012,,,,1583.88,
29-May-2012,,,,1582.35,
30-May-2012,,,,1560.69,
31-May-2012,,,,1563.90,
1-June-2012,,,,1540.99,
4-June-2012,,,,1536.53,
5-June-2012,,,,1543.31,
6-June-2012,,,,1571.64,
7-June-2012,,,,1583.66,
8-June-2012,,,,1588.16,
11-June-2012,,,,1582.94,
12-June-2012,,,,1592.91,
13-June-2012,,,,1592.64,
14-June-2012,,,,1574.31,
15-June-2012,,,,1584.99,
18-June-2012,,,,1567.73,
19-June-2012,,,,1571.74,
20-June-2012,,,,1586.11,
21-June-2012,,,,1600.70,
22-June-2012,,,,1600.74,
25-June-2012,,,,1600.57,
26-June-2012,,,,1606.89,
27-June-2012,,,,1613.00,
28-June-2012,,,,1615.00,
29-June-2012,,,,1642.22,
2-July-2012,,,,1656.80,
3-July-2012,,,,1669.67,
4-July-2012,,,,1680.46,
5-July-2012,,,,1694.48,
6-July-2012,,,,1684.90,
9-July-2012,,,,1665.37,
10-July-2012,,,,1680.56,
11-July-2012,,,,1676.45,
12-July-2012,,,,1668.65,
13-July-2012,,,,1664.01,
16-July-2012,,,,1656.20,
17-July-2012,,,,1646.16,
18-July-2012,,,,1651.38,
19-July-2012,,,,1655.72,
20-July-2012,,,,1654.72,
23-July-2012,,,,1632.74,
24-July-2012,,,,1639.39,
25-July-2012,,,,1629.92,
26-July-2012,,,,1599.64,
27-July-2012,,,,1587.25,
30-July-2012,,,,1612.69,
31-July-2012,,,,1621.81,
1-August-2012,,,,1635.64,
2-August-2012,,,,1642.44,
3-August-2012,,,,1640.56,
6-August-2012,,,,1648.94,
7-August-2012,,,,1655.14,
8-August-2012,,,,1648.79,
9-August-2012,,,,1643.20,
10-August-2012,,,,1641.60,
13-August-2012,,,,1654.57,
14-August-2012,,,,1659.16,
16-August-2012,,,,1660.06,
17-August-2012,,,,1661.29,
21-August-2012,,,,1667.88,
22-August-2012,,,,1663.40,
23-August-2012,,,,1661.72,
24-August-2012,,,,1653.75,
27-August-2012,,,,1638.65,
28-August-2012,,,,1622.73,
29-August-2012,,,,1615.43,
30-August-2012,,,,1621.67,
31-August-2012,,,,1623.61,
3-September-2012,,,,1623.21,
4-September-2012,,,,1633.65,
5-September-2012,,,,1626.42,
6-September-2012,,,,1632.00,
7-September-2012,,,,1647.16,
10-September-2012,,,,1661.66,
11-September-2012,,,,1665.55,
12-September-2012,,,,1671.51,
13-September-2012,,,,1668.26,
14-September-2012,,,,1677.78,
17-September-2012,,,,1694.89,
18-September-2012,,,,1708.14,
20-September-2012,,,,1698.83,
21-September-2012,,,,1727.59,
24-September-2012,,,,1736.29,
25-September-2012,,,,1748.54,
26-September-2012,,,,1755.07,
27-September-2012,,,,1763.51,
28-September-2012,,,,1782.86,
1-October-2012,,,,1800.84,
3-October-2012,,,,1810.70,
4-October-2012,,,,1817.14,
5-October-2012,,,,1802.61,
8-October-2012,,,,1792.93,
9-October-2012,,,,1803.54,
10-October-2012,,,,1781.69,
11-October-2012,,,,1799.61,
12-October-2012,,,,1800.36,
15-October-2012,,,,1801.46,
16-October-2012,,,,1789.70,
17-October-2012,,,,1792.20,
18-October-2012,,,,1810.17,
19-October-2012,,,,1798.95,
22-October-2012,,,,1800.52,
23-October-2012,,,,1794.34,
25-October-2012,,,,1794.62,
26-October-2012,,,,1774.11,
29-October-2012,,,,1765.61,
30-October-2012,,,,1748.31,
31-October-2012,,,,1763.61,
1-November-2012,,,,1779.38,
2-November-2012,,,,1788.57,
5-November-2012,,,,1785.77,
6-November-2012,,,,1793.60,
7-November-2012,,,,1808.66,
8-November-2012,,,,1810.73,
9-November-2012,,,,1796.66,
12-November-2012,,,,1810.85,
13-November-2012,,,,1824.02,
15-November-2012,,,,1821.15,
16-November-2012,,,,1801.60,
19-November-2012,,,,1784.13,
20-November-2012,,,,1771.42,
21-November-2012,,,,1779.56,
22-November-2012,,,,1787.31,
23-November-2012,,,,1790.37,
26-November-2012,,,,1811.10,
27-November-2012,,,,1833.74,
29-November-2012,,,,1852.23,
30-November-2012,,,,1868.21,
3-December-2012,,,,1887.89,
4-December-2012,,,,1898.30,
5-December-2012,,,,1903.38,
6-December-2012,,,,1915.42,
7-December-2012,,,,1911.12,
10-December-2012,,,,1920.04,
11-December-2012,,,,1905.82,
12-December-2012,,,,1907.93,
13-December-2012,,,,1887.44,
14-December-2012,,,,1897.98,
17-December-2012,,,,1905.20,
18-December-2012,,,,1920.58,
19-December-2012,,,,1931.61,
20-December-2012,,,,1930.90,
21-December-2012,,,,1900.79,
24-December-2012,,,,1906.94,
26-December-2012,,,,1918.56,
27-December-2012,,,,1910.17,
28-December-2012,,,,1921.29,
31-December-2012,,,,1928.75,
1-January-2013,,,,1951.97,
2-January-2013,,,,1962.98,
3-January-2013,,,,1972.49,
4-January-2013,,,,1977.44,
7-January-2013,,,,1980.48,
8-January-2013,,,,1980.67,
9-January-2013,,,,1973.09,
10-January-2013,,,,1965.98,
11-January-2013,,,,1939.17,
14-January-2013,,,,1961.09,
15-January-2013,,,,1963.41,
16-January-2013,,,,1936.93,
17-January-2013,,,,1939.97,
18-January-2013,,,,1933.59,
21-January-2013,,,,1935.03,
22-January-2013,,,,1917.23,
23-January-2013,,,,1904.04,
24-January-2013,,,,1864.47,
25-January-2013,,,,1891.57,
28-January-2013,,,,1894.86,
29-January-2013,,,,1880.92,
30-January-2013,,,,1878.64,
31-January-2013,,,,1889.18,
1-February-2013,,,,1891.95,
4-February-2013,,,,1876.39,
5-February-2013,,,,1864.81,
6-February-2013,,,,1868.56,
7-February-2013,,,,1850.66,
8-February-2013,,,,1837.46,
11-February-2013,,,,1835.41,
12-February-2013,,,,1833.28,
13-February-2013,,,,1822.24,
14-February-2013,,,,1796.56,
15-February-2013,,,,1797.93,
18-February-2013,,,,1808.15,
19-February-2013,,,,1828.44,
20-February-2013,,,,1827.32,
21-February-2013,,,,1794.26,
22-February-2013,,,,1796.32,
25-February-2013,,,,1781.04,
26-February-2013,,,,1750.01,
27-February-2013,,,,1762.05,
28-February-2013,,,,1721.78,
1-March-2013,,,,1733.89,
4-March-2013,,,,1711.29,
5-March-2013,,,,1737.00,
6-March-2013,,,,1752.11,
7-March-2013,,,,1761.71,
8-March-2013,,,,1778.00,
11-March-2013,,,,1782.18,
12-March-2013,,,,1772.31,
13-March-2013,,,,1751.06,
14-March-2013,,,,1759.45,
15-March-2013,,,,1750.71,
18-March-2013,,,,1745.51,
19-March-2013,,,,1717.73,
20-March-2013,,,,1684.87,
21-March-2013,,,,1668.97,
22-March-2013,,,,1662.50,
25-March-2013,,,,1656.04,
26-March-2013,,,,1655.37,
28-March-2013,,,,1680.70,
1-April-2013,,,,1704.18,
2-April-2013,,,,1727.92,
3-April-2013,,,,1712.71,
4-April-2013,,,,1682.09,
5-April-2013,,,,1679.89,
8-April-2013,,,,1679.27,
9-April-2013,,,,1662.54,
10-April-2013,,,,1670.85,
11-April-2013,,,,1675.47,
12-April-2013,,,,1676.25,
15-April-2013,,,,1678.62,
16-April-2013,,,,1695.49,
17-April-2013,,,,1702.73,
18-April-2013,,,,1719.96,
22-April-2013,,,,1744.38,
23-April-2013,,,,1738.68,
25-April-2013,,,,1749.97,
26-April-2013,,,,1739.00,
29-April-2013,,,,1752.72,
30-April-2013,,,,1760.31,
2-May-2013,,,,1776.59,
3-May-2013,,,,1770.55,
6-May-2013,,,,1787.02,
7-May-2013,,,,1803.18,
8-May-2013,,,,1807.48,
9-May-2013,,,,1799.90,
10-May-2013,,,,1809.81,
13-May-2013,,,,1791.78,
14-May-2013,,,,1797.11,
15-May-2013,,,,1828.87,
16-May-2013,,,,1838.67,
17-May-2013,,,,1842.40,
20-May-2013,,,,1828.02,
21-May-2013,,,,1813.69,
22-May-2013,,,,1802.61,
23-May-2013,,,,1766.24,
24-May-2013,,,,1777.06,
27-May-2013,,,,1797.44,
28-May-2013,,,,1803.69,
29-May-2013,,,,1796.54,
30-May-2013,,,,1794.44,
31-May-2013,,,,1775.20,
3-June-2013,,,,1778.79,
4-June-2013,,,,1786.13,
5-June-2013,,,,1786.97,
6-June-2013,,,,1785.23,
7-June-2013,,,,1773.96,
10-June-2013,,,,1754.49,
11-June-2013,,,,1723.40,
12-June-2013,,,,1711.78,
13-June-2013,,,,1687.00,
14-June-2013,,,,1708.14,
17-June-2013,,,,1718.36,
18-June-2013,,,,1719.29,
19-June-2013,,,,1728.66,
20-June-2013,,,,1687.00,
21-June-2013,,,,1669.19,
24-June-2013,,,,1629.78,
25-June-2013,,,,1619.83,
26-June-2013,,,,1614.34,
27-June-2013,,,,1623.52,
28-June-2013,,,,1657.01,
1-July-2013,,,,1693.88,
2-July-2013,,,,1689.84,
3-July-2013,,,,1665.75,
4-July-2013,,,,1676.77,
5-July-2013,,,,1678.19,
8-July-2013,,,,1674.94,
9-July-2013,,,,1691.00,
10-July-2013,,,,1685.95,
11-July-2013,,,,1698.00,
12-July-2013,,,,1699.06,
15-July-2013,,,,1715.47,
16-July-2013,,,,1689.88,
17-July-2013,,,,1681.50,
18-July-2013,,,,1700.14,
19-July-2013,,,,1687.22,
22-July-2013,,,,1684.66,
23-July-2013,,,,1689.16,
24-July-2013,,,,1652.55,
25-July-2013,,,,1638.65,
26-July-2013,,,,1618.29,
29-July-2013,,,,1597.89,
30-July-2013,,,,1563.13,
31-July-2013,,,,1555.16,
1-August-2013,,,,1532.66,
2-August-2013,,,,1523.91,
5-August-2013,,,,1531.52,
6-August-2013,,,,1490.60,
7-August-2013,,,,1502.49,
8-August-2013,,,,1517.91,
12-August-2013,,,,1538.69,
13-August-2013,,,,1562.92,
14-August-2013,,,,1572.77,
16-August-2013,,,,1520.62,
19-August-2013,,,,1492.72,
20-August-2013,,,,1484.79,
21-August-2013,,,,1466.52,
22-August-2013,,,,1480.03,
23-August-2013,,,,1496.60,
26-August-2013,,,,1507.05,
27-August-2013,,,,1467.91,
28-August-2013,,,,1452.92,
29-August-2013,,,,1474.51,
30-August-2013,,,,1484.01,
2-September-2013,,,,1510.32,
3-September-2013,,,,1475.19,
4-September-2013,,,,1494.25,
5-September-2013,,,,1523.42,
6-September-2013,,,,1532.65,
10-September-2013,,,,1562.42,
11-September-2013,,,,1583.70,
12-September-2013,,,,1575.20,
13-September-2013,,,,1581.26,
16-September-2013,,,,1571.51,
17-September-2013,,,,1564.59,
18-September-2013,,,,1572.87,
19-September-2013,,,,1612.66,
20-September-2013,,,,1597.76,
23-September-2013,,,,1581.78,
24-September-2013,,,,1582.63,
25-September-2013,,,,1585.74,
26-September-2013,,,,1586.82,
27-September-2013,,,,1585.60,
30-September-2013,,,,1574.14,
1-October-2013,,,,1582.14,
3-October-2013,,,,1607.99,
4-October-2013,,,,1613.51,
7-October-2013,,,,1623.15,
8-October-2013,,,,1623.07,
9-October-2013,,,,1638.59,
10-October-2013,,,,1651.05,
11-October-2013,,,,1654.43,
14-October-2013,,,,1661.17,
15-October-2013,,,,1642.16,
17-October-2013,,,,1637.21,
18-October-2013,,,,1660.07,
21-October-2013,,,,1680.79,
22-October-2013,,,,1691.13,
23-October-2013,,,,1691.06,
24-October-2013,,,,1689.67,
25-October-2013,,,,1682.21,
28-October-2013,,,,1663.74,
29-October-2013,,,,1687.48,
30-October-2013,,,,1694.30,
31-October-2013,,,,1713.10,
1-November-2013,,,,1729.86,
5-November-2013,,,,1749.80,
6-November-2013,,,,1745.25,
7-November-2013,,,,1722.44,
8-November-2013,,,,1721.51,
11-November-2013,,,,1707.63,
12-November-2013,,,,1695.63,
13-November-2013,,,,1682.64,
14-November-2013,,,,1703.71,
18-November-2013,,,,1724.51,
19-November-2013,,,,1728.64,
20-November-2013,,,,1720.21,
21-November-2013,,,,1693.40,
22-November-2013,,,,1694.04,
25-November-2013,,,,1714.12,
26-November-2013,,,,1706.72,
27-November-2013,,,,1707.74,
28-November-2013,,,,1720.96,
29-November-2013,,,,1739.74,
2-December-2013,,,,1755.72,
3-December-2013,,,,1755.42,
4-December-2013,,,,1746.83,
5-December-2013,,,,1751.23,
6-December-2013,,,,1757.88,
9-December-2013,,,,1770.78,
10-December-2013,,,,1761.77,
11-December-2013,,,,1758.80,
12-December-2013,,,,1752.70,
13-December-2013,,,,1731.24,
16-December-2013,,,,1741.59,
17-December-2013,,,,1745.18,
18-December-2013,,,,1768.47,
19-December-2013,,,,1768.06,
20-December-2013,,,,1792.54,
23-December-2013,,,,1807.09,
24-December-2013,,,,1814.20,
26-December-2013,,,,1821.43,
27-December-2013,,,,1829.97,
30-December-2013,,,,1829.49,
31-December-2013,,,,1839.11,
1-January-2014,,,,1850.50,
2-January-2014,,,,1817.58,
3-January-2014,,,,1829.01,
6-January-2014,,,,1837.98,
7-January-2014,,,,1830.15,
8-January-2014,,,,1836.19,
9-January-2014,,,,1826.10,
10-January-2014,,,,1813.83,
13-January-2014,,,,1813.31,
14-January-2014,,,,1807.93,
15-January-2014,,,,1813.80,
16-January-2014,,,,1807.94,
17-January-2014,,,,1783.39,
20-January-2014,,,,1801.81,
21-January-2014,,,,1807.19,
22-January-2014,,,,1812.16,
23-January-2014,,,,1805.42,
24-January-2014,,,,1771.01,
27-January-2014,,,,1721.79,
28-January-2014,,,,1724.31,
29-January-2014,,,,1723.85,
30-January-2014,,,,1697.90,
31-January-2014,,,,1728.05,
3-February-2014,,,,1715.12,
4-February-2014,,,,1718.60,
5-February-2014,,,,1730.49,
6-February-2014,,,,1730.35,
7-February-2014,,,,1740.88,
10-February-2014,,,,1739.01,
11-February-2014,,,,1741.28,
12-February-2014,,,,1740.29,
13-February-2014,,,,1719.66,
14-February-2014,,,,1721.33,
17-February-2014,,,,1721.12,
18-February-2014,,,,1734.96,
19-February-2014,,,,1741.63,
20-February-2014,,,,1739.35,
21-February-2014,,,,1752.54,
24-February-2014,,,,1757.42,
25-February-2014,,,,1761.67,
26-February-2014,,,,1761.75,
28-February-2014,,,,1773.57,
3-March-2014,,,,1768.79,
4-March-2014,,,,1789.56,
5-March-2014,,,,1801.29,
6-March-2014,,,,1823.08,
7-March-2014,,,,1823.97,
10-March-2014,,,,1832.69,
11-March-2014,,,,1825.84,
12-March-2014,,,,1826.37,
13-March-2014,,,,1814.74,
14-March-2014,,,,1810.99,
18-March-2014,,,,1831.60,
19-March-2014,,,,1839.18,
20-March-2014,,,,1832.50,
21-March-2014,,,,1846.33,
24-March-2014,,,,1859.73,
25-March-2014,,,,1868.41,
26-March-2014,,,,1871.47,
27-March-2014,,,,1883.25,
28-March-2014,,,,1911.18,
31-March-2014,,,,1930.37,
1-April-2014,,,,1934.62,
2-April-2014,,,,1963.96,
3-April-2014,,,,1954.45,
4-April-2014,,,,1961.04,
7-April-2014,,,,1955.64,
9-April-2014,,,,1984.24,
10-April-2014,,,,1992.81,
11-April-2014,,,,1994.63,
15-April-2014,,,,1984.41,
16-April-2014,,,,1965.77,
17-April-2014,,,,1991.10,
21-April-2014,,,,2010.32,
22-April-2014,,,,2010.30,
23-April-2014,,,,2014.82,
25-April-2014,,,,2014.02,
28-April-2014,,,,2020.96,
29-April-2014,,,,2009.67,
30-April-2014,,,,1985.93,
2-May-2014,,,,1996.09,
5-May-2014,,,,1993.49,
6-May-2014,,,,1997.24,
7-May-2014,,,,1989.70,
8-May-2014,,,,1988.78,
9-May-2014,,,,2019.11,
12-May-2014,,,,2035.09,
13-May-2014,,,,2068.06,
14-May-2014,,,,2090.64,
15-May-2014,,,,2072.03,
16-May-2014,,,,2104.23,
19-May-2014,,,,2181.01,
20-May-2014,,,,2216.03,
21-May-2014,,,,2239.81,
22-May-2014,,,,2284.58,
23-May-2014,,,,2320.64,
26-May-2014,,,,2276.59,
27-May-2014,,,,2264.23,
28-May-2014,,,,2277.42,
29-May-2014,,,,2266.35,
30-May-2014,,,,2276.51,
2-June-2014,,,,2319.50,
3-June-2014,,,,2336.66,
4-June-2014,,,,2367.18,
5-June-2014,,,,2395.30,
6-June-2014,,,,2432.00,
9-June-2014,,,,2468.53,
10-June-2014,,,,2468.10,
11-June-2014,,,,2443.24,
12-June-2014,,,,2449.32,
13-June-2014,,,,2388.53,
16-June-2014,,,,2393.41,
17-June-2014,,,,2428.04,
18-June-2014,,,,2412.16,
19-June-2014,,,,2404.60,
20-June-2014,,,,2394.42,
23-June-2014,,,,2405.56,
24-June-2014,,,,2436.95,
25-June-2014,,,,2446.44,
26-June-2014,,,,2439.48,
27-June-2014,,,,2452.21,
30-June-2014,,,,2492.91,
1-July-2014,,,,2510.86,
2-July-2014,,,,2538.69,
3-July-2014,,,,2536.50,
4-July-2014,,,,2547.28,
7-July-2014,,,,2550.94,
8-July-2014,,,,2459.38,
9-July-2014,,,,2422.36,
10-July-2014,,,,2434.00,
11-July-2014,,,,2373.21,
14-July-2014,,,,2373.18,
15-July-2014,,,,2418.44,
16-July-2014,,,,2451.69,
17-July-2014,,,,2481.42,
18-July-2014,,,,2473.46,
21-July-2014,,,,2485.47,
22-July-2014,,,,2488.04,
23-July-2014,,,,2481.34,
24-July-2014,,,,2480.97,
25-July-2014,,,,2449.30,
28-July-2014,,,,2440.39,
30-July-2014,,,,2449.16,
31-July-2014,,,,2452.16,
1-August-2014,,,,2428.66,
4-August-2014,,,,2453.19,
5-August-2014,,,,2472.95,
6-August-2014,,,,2461.13,
7-August-2014,,,,2450.51,
8-August-2014,,,,2405.61,
11-August-2014,,,,2419.91,
12-August-2014,,,,2434.07,
13-August-2014,,,,2399.22,
14-August-2014,,,,2426.94,
18-August-2014,,,,2468.93,
19-August-2014,,,,2497.63,
20-August-2014,,,,2507.18,
21-August-2014,,,,2518.66,
22-August-2014,,,,2526.50,
25-August-2014,,,,2508.19,
26-August-2014,,,,2508.64,
27-August-2014,,,,2523.89,
28-August-2014,,,,2518.37,
1-September-2014,,,,2560.28,
2-September-2014,,,,2581.20,
3-September-2014,,,,2602.25,
4-September-2014,,,,2599.48,
5-September-2014,,,,2608.32,
8-September-2014,,,,2643.61,
9-September-2014,,,,2658.06,
10-September-2014,,,,2659.49,
11-September-2014,,,,2685.19,
12-September-2014,,,,2696.32,
15-September-2014,,,,2703.40,
16-September-2014,,,,2615.59,
17-September-2014,,,,2627.77,
18-September-2014,,,,2679.37,
19-September-2014,,,,2679.35,
22-September-2014,,,,2683.68,
23-September-2014,,,,2630.79,
24-September-2014,,,,2601.41,
25-September-2014,,,,2540.22,
26-September-2014,,,,2566.49,
29-September-2014,,,,2593.35,
30-September-2014,,,,2597.38,
1-October-2014,,,,2589.11,
7-October-2014,,,,2564.87,
8-October-2014,,,,2560.83,
9-October-2014,,,,2604.55,
10-October-2014,,,,2567.26,
13-October-2014,,,,2577.79,
14-October-2014,,,,2577.07,
16-October-2014,,,,2513.12,
17-October-2014,,,,2528.05,
20-October-2014,,,,2554.18,
21-October-2014,,,,2574.07,
22-October-2014,,,,2601.54,
23-October-2014,,,,2625.33,
27-October-2014,,,,2614.63,
28-October-2014,,,,2623.32,
29-October-2014,,,,2637.62,
30-October-2014,,,,2659.13,
31-October-2014,,,,2693.41,
3-November-2014,,,,2715.80,
5-November-2014,,,,2721.47,
7-November-2014,,,,2735.07,
10-November-2014,,,,2739.31,
11-November-2014,,,,2762.56,
12-November-2014,,,,2778.80,
13-November-2014,,,,2769.26,
14-November-2014,,,,2784.73,
17-November-2014,,,,2803.83,
18-November-2014,,,,2818.78,
19-November-2014,,,,2804.18,
20-November-2014,,,,2795.83,
21-November-2014,,,,2796.50,
24-November-2014,,,,2801.77,
25-November-2014,,,,2758.80,
26-November-2014,,,,2770.85,
27-November-2014,,,,2782.59,
28-November-2014,,,,2812.12,
1-December-2014,,,,2812.30,
2-December-2014,,,,2836.37,
3-December-2014,,,,2879.79,
4-December-2014,,,,2890.29,
5-December-2014,,,,2881.46,
8-December-2014,,,,2853.61,
9-December-2014,,,,2807.63,
10-December-2014,,,,2834.73,
11-December-2014,,,,2812.61,
12-December-2014,,,,2775.77,
15-December-2014,,,,2763.59,
16-December-2014,,,,2681.96,
17-December-2014,,,,2662.97,
18-December-2014,,,,2741.13,
19-December-2014,,,,2750.79,
22-December-2014,,,,2775.44,
23-December-2014,,,,2763.46,
24-December-2014,,,,2765.18,
26-December-2014,,,,2773.42,
29-December-2014,,,,2798.03,
30-December-2014,,,,2812.63,
31-December-2014,,,,2839.11,
1-January-2015,,,,2855.13,
2-January-2015,,,,2878.46,
5-January-2015,,,,2881.29,
6-January-2015,,,,2798.04,
7-January-2015,,,,2801.03,
8-January-2015,,,,2844.87,
9-January-2015,,,,2845.21,
12-January-2015,,,,2862.19,
13-January-2015,,,,2865.33,
14-January-2015,,,,2857.06,
15-January-2015,,,,2895.66,
16-January-2015,,,,2911.79,
19-January-2015,,,,2924.51,
20-January-2015,,,,2935.45,
21-January-2015,,,,2930.48,
22-January-2015,,,,2940.68,
23-January-2015,,,,2940.45,
27-January-2015,,,,2959.23,
28-January-2015,,,,2968.21,
29-January-2015,,,,2960.77,
30-January-2015,,,,2947.48,
2-February-2015,,,,2963.04,
3-February-2015,,,,2947.71,
4-February-2015,,,,2934.71,
5-February-2015,,,,2903.34,
6-February-2015,,,,2871.31,
9-February-2015,,,,2832.11,
10-February-2015,,,,2847.23,
11-February-2015,,,,2893.42,
12-February-2015,,,,2929.90,
13-February-2015,,,,2955.24,
16-February-2015,,,,2942.19,
18-February-2015,,,,2967.26,
19-February-2015,,,,2965.45,
20-February-2015,,,,2972.16,
23-February-2015,,,,2946.90,
24-February-2015,,,,2938.67,
25-February-2015,,,,2931.22,
26-February-2015,,,,2902.21,
27-February-2015,,,,2954.11,
28-February-2015,,,,2963.65,
2-March-2015,,,,3004.33,
3-March-2015,,,,3035.46,
4-March-2015,,,,3003.41,
5-March-2015,,,,3028.24,
9-March-2015,,,,2987.55,
10-March-2015,,,,2982.54,
11-March-2015,,,,2967.24,
12-March-2015,,,,3004.07,
13-March-2015,,,,2961.24,
16-March-2015,,,,2951.72,
17-March-2015,,,,2979.81,
18-March-2015,,,,2987.36,
19-March-2015,,,,2970.53,
20-March-2015,,,,2925.35,
23-March-2015,,,,2902.25,
24-March-2015,,,,2892.34,
25-March-2015,,,,2879.57,
26-March-2015,,,,2850.33,
27-March-2015,,,,2854.33,
30-March-2015,,,,2905.39,
31-March-2015,,,,2916.98,
1-April-2015,,,,2967.73,
6-April-2015,,,,2998.76,
7-April-2015,,,,3020.28,
8-April-2015,,,,3039.38,
9-April-2015,,,,3056.25,
10-April-2015,,,,3068.18,
13-April-2015,,,,3079.78,
15-April-2015,,,,3063.49,
16-April-2015,,,,3038.60,
17-April-2015,,,,2986.46,
20-April-2015,,,,2923.69,
21-April-2015,,,,2912.52,
22-April-2015,,,,2917.13,
23-April-2015,,,,2922.64,
24-April-2015,,,,2859.43,
27-April-2015,,,,2788.21,
28-April-2015,,,,2827.95,
29-April-2015,,,,2849.40,
30-April-2015,,,,2848.16,
4-May-2015,,,,2896.13,
5-May-2015,,,,2905.68,
6-May-2015,,,,2812.86,
7-May-2015,,,,2762.04,
8-May-2015,,,,2808.94,
11-May-2015,,,,2856.31,
12-May-2015,,,,2807.13,
13-May-2015,,,,2840.87,
14-May-2015,,,,2866.55,
15-May-2015,,,,2880.66,
18-May-2015,,,,2908.69,
19-May-2015,,,,2911.95,
20-May-2015,,,,2914.50,
21-May-2015,,,,2907.92,
22-May-2015,,,,2910.53,
25-May-2015,,,,2906.11,
26-May-2015,,,,2903.57,
27-May-2015,,,,2903.99,
28-May-2015,,,,2894.19,
29-May-2015,,,,2933.04,
1-June-2015,,,,2932.45,
2-June-2015,,,,2869.73,
3-June-2015,,,,2821.13,
4-June-2015,,,,2822.91,
5-June-2015,,,,2827.50,
8-June-2015,,,,2785.66,
9-June-2015,,,,2776.53,
10-June-2015,,,,2806.86,
11-June-2015,,,,2760.18,
12-June-2015,,,,2759.50,
15-June-2015,,,,2765.34,
16-June-2015,,,,2780.41,
17-June-2015,,,,2818.87,
18-June-2015,,,,2845.27,
19-June-2015,,,,2857.38,
22-June-2015,,,,2898.61,
23-June-2015,,,,2906.34,
24-June-2015,,,,2893.53,
25-June-2015,,,,2906.55,
26-June-2015,,,,2908.11,
29-June-2015,,,,2866.51,
30-June-2015,,,,2900.70,
1-July-2015,,,,2940.67,
2-July-2015,,,,2956.26,
3-July-2015,,,,2956.50,
6-July-2015,,,,2985.35,
7-July-2015,,,,3002.50,
8-July-2015,,,,2963.84,
9-July-2015,,,,2954.54,
10-July-2015,,,,2960.90,
13-July-2015,,,,3001.03,
14-July-2015,,,,3008.64,
15-July-2015,,,,3017.48,
16-July-2015,,,,3048.53,
17-July-2015,,,,3058.27,
20-July-2015,,,,3068.53,
21-July-2015,,,,3022.38,
22-July-2015,,,,3054.80,
23-July-2015,,,,3060.39,
24-July-2015,,,,3042.23,
27-July-2015,,,,3005.05,
28-July-2015,,,,2999.69,
29-July-2015,,,,3025.49,
30-July-2015,,,,3051.08,
31-July-2015,,,,3080.61,
3-August-2015,,,,3103.08,
4-August-2015,,,,3130.55,
5-August-2015,,,,3157.51,
6-August-2015,,,,3161.05,
7-August-2015,,,,3155.02,
10-August-2015,,,,3148.11,
11-August-2015,,,,3122.88,
12-August-2015,,,,3050.84,
13-August-2015,,,,3034.35,
14-August-2015,,,,3096.01,
17-August-2015,,,,3103.92,
18-August-2015,,,,3124.52,
19-August-2015,,,,3129.27,
20-August-2015,,,,3066.47,
21-August-2015,,,,3043.61,
24-August-2015,,,,2792.26,
25-August-2015,,,,2833.84,
26-August-2015,,,,2825.09,
27-August-2015,,,,2896.43,
28-August-2015,,,,2900.20,
31-August-2015,,,,2894.00,
1-September-2015,,,,2834.19,
2-September-2015,,,,2824.84,
3-September-2015,,,,2857.78,
4-September-2015,,,,2795.27,
7-September-2015,,,,2740.10,
8-September-2015,,,,2762.23,
9-September-2015,,,,2814.46,
10-September-2015,,,,2817.75,
11-September-2015,,,,2829.03,
14-September-2015,,,,2859.34,
15-September-2015,,,,2840.41,
16-September-2015,,,,2831.63,
18-September-2015,,,,2859.89,
21-September-2015,,,,2884.08,
22-September-2015,,,,2844.20,
23-September-2015,,,,2861.19,
24-September-2015,,,,2872.91,
28-September-2015,,,,2866.13,
29-September-2015,,,,2870.06,
30-September-2015,,,,2909.58,
1-October-2015,,,,2915.09,
5-October-2015,,,,2964.68,
6-October-2015,,,,2979.79,
7-October-2015,,,,2987.37,
8-October-2015,,,,2970.90,
9-October-2015,,,,2973.01,
12-October-2015,,,,2975.29,
13-October-2015,,,,2982.09,
14-October-2015,,,,2982.98,
15-October-2015,,,,3001.59,
16-October-2015,,,,3007.55,
19-October-2015,,,,3029.69,
20-October-2015,,,,3040.15,
21-October-2015,,,,3031.95,
23-October-2015,,,,3022.28,
26-October-2015,,,,3003.45,
27-October-2015,,,,3008.03,
28-October-2015,,,,3000.12,
29-October-2015,,,,2987.23,
30-October-2015,,,,2973.02,
2-November-2015,,,,2970.86,
3-November-2015,,,,2980.86,
4-November-2015,,,,2978.24,
5-November-2015,,,,2932.51,
6-November-2015,,,,2917.45,
9-November-2015,,,,2935.21,
10-November-2015,,,,2899.39,
11-November-2015,,,,2936.50,
13-November-2015,,,,2905.81,
16-November-2015,,,,2916.67,
17-November-2015,,,,2928.16,
18-November-2015,,,,2907.80,
19-November-2015,,,,2944.37,
20-November-2015,,,,2965.67,
23-November-2015,,,,2977.90,
24-November-2015,,,,2984.29,
26-November-2015,,,,2995.08,
27-November-2015,,,,3006.57,
30-November-2015,,,,3019.91,
1-December-2015,,,,3038.22,
2-December-2015,,,,3041.11,
3-December-2015,,,,3027.08,
4-December-2015,,,,3001.94,
7-December-2015,,,,3003.12,
8-December-2015,,,,2965.43,
9-December-2015,,,,2905.60,
10-December-2015,,,,2936.98,
11-December-2015,,,,2908.28,
14-December-2015,,,,2923.31,
15-December-2015,,,,2941.85,
16-December-2015,,,,2950.45,
17-December-2015,,,,2999.08,
18-December-2015,,,,2996.34,
21-December-2015,,,,3018.31,
22-December-2015,,,,3013.57,
23-December-2015,,,,3024.78,
24-December-2015,,,,3036.68,
28-December-2015,,,,3046.37,
29-December-2015,,,,3050.10,
30-December-2015,,,,3054.24,
31-December-2015,,,,3067.35,
1-January-2016,,,,3094.87,
4-January-2016,,,,3059.17,
5-January-2016,,,,3080.03,
6-January-2016,,,,3068.80,
7-January-2016,,,,2984.38,
8-January-2016,,,,3022.40,
11-January-2016,,,,3001.44,
12-January-2016,,,,2971.76,
13-January-2016,,,,2937.19,
14-January-2016,,,,2903.56,
15-January-2016,,,,2818.67,
18-January-2016,,,,2721.86,
19-January-2016,,,,2769.36,
20-January-2016,,,,2713.23,
21-January-2016,,,,2717.19,
22-January-2016,,,,2773.92,
25-January-2016,,,,2790.99,
27-January-2016,,,,2803.46,
28-January-2016,,,,2798.21,
29-January-2016,,,,2840.38,
1-February-2016,,,,2852.31,
2-February-2016,,,,2810.14,
3-February-2016,,,,2759.15,
4-February-2016,,,,2745.63,
5-February-2016,,,,2787.76,
8-February-2016,,,,2784.41,
9-February-2016,,,,2739.72,
10-February-2016,,,,2706.82,
11-February-2016,,,,2598.59,
12-February-2016,,,,2572.36,
15-February-2016,,,,2660.03,
16-February-2016,,,,2597.94,
17-February-2016,,,,2606.62,
18-February-2016,,,,2622.50,
19-February-2016,,,,2623.26,
22-February-2016,,,,2638.83,
23-February-2016,,,,2603.23,
24-February-2016,,,,2577.77,
25-February-2016,,,,2551.57,
26-February-2016,,,,2549.09,
29-February-2016,,,,2548.42,
1-March-2016,,,,2628.43,
2-March-2016,,,,2682.38,
3-March-2016,,,,2708.85,
4-March-2016,,,,2733.95,
8-March-2016,,,,2734.17,
9-March-2016,,,,2746.82,
10-March-2016,,,,2739.93,
11-March-2016,,,,2738.61,
14-March-2016,,,,2748.62,
15-March-2016,,,,2729.41,
16-March-2016,,,,2721.77,
17-March-2016,,,,2729.35,
18-March-2016,,,,2746.67,
21-March-2016,,,,2784.43,
22-March-2016,,,,2795.28,
23-March-2016,,,,2801.99,
28-March-2016,,,,2759.55,
29-March-2016,,,,2752.95,
30-March-2016,,,,2803.61,
31-March-2016,,,,2819.42,
1-April-2016,,,,2836.25,
4-April-2016,,,,2847.35,
5-April-2016,,,,2806.54,
6-April-2016,,,,2827.95,
7-April-2016,,,,2815.77,
8-April-2016,,,,2833.72,
11-April-2016,,,,2857.72,
12-April-2016,,,,2884.80,
13-April-2016,,,,2913.41,
18-April-2016,,,,2947.68,
20-April-2016,,,,2958.98,
21-April-2016,,,,2943.97,
22-April-2016,,,,2945.42,
25-April-2016,,,,2937.44,
26-April-2016,,,,2958.97,
27-April-2016,,,,2965.20,
